conf/3dgis,133
conf/3dic,749
conf/3dica,332
conf/3dim,8150
conf/3dor,495
conf/3dph,71
conf/3dpvt,5150
conf/3dtv,20
conf/3dui,1142
conf/3pgcic,229
conf/ACISicis,2038
conf/ACMace,3769
conf/ACMdis,9284
conf/ACMicec,4762
conf/ACMmsp,407
conf/ACMpolicy,60
conf/ACMse,2948
conf/Dstep,3
conf/EUprojects,394
conf/IEEEants,19
conf/IEEEares,5269
conf/IEEEcca,2664
conf/IEEEcgiv,1084
conf/IEEEcit,4312
conf/IEEEcloud,2567
conf/IEEEcsa,27
conf/IEEEcsc,148
conf/IEEEias,1422
conf/IEEEicci,2492
conf/IEEEinteract,256
conf/IEEEisic,636
conf/IEEEmsp,3138
conf/IEEEpact,14843
conf/IEEEscc,6506
conf/ISCAicis,82
conf/ISCApdcs,1119
conf/ITGspeech,8
conf/Lsystems,227
conf/RelMiCS,3626
conf/a2cwic,53
conf/aPcsac,952
conf/aaa-idea,231
conf/aaai,234650
conf/aaaifs,728
conf/aaaiss,4785
conf/aacc,147
conf/aadebug,2325
conf/aadios,12
conf/aaecc,7292
conf/aaim,2326
conf/aaip,58
conf/aamas,1372
conf/ab,311
conf/abials,75
conf/abict,7
conf/ac,329900
conf/acai,21
conf/acal,142
conf/acc,183
conf/accessnets,408
conf/accurate,178
conf/accv,12712
conf/ace,924
conf/acfie,200
conf/acg,1039
conf/achi,575
conf/acid,407
conf/acii,3626
conf/aciids,830
conf/acil,320
conf/acisp,8080
conf/acit,15
conf/acity,86
conf/acivs,1893
conf/acl,195392
conf/acl2,124
conf/acllaw,252
conf/acm,7222
conf/acmiccc,7
conf/acmicn,275
conf/acmidc,3545
conf/acml,163
conf/acmmpc,526
conf/acns,5170
conf/acom,352
conf/acota,8
conf/acpc,1146
conf/acpr,83
conf/acri,2439
conf/acs,145
conf/acsac,26355
conf/acsc,3698
conf/acsd,2746
conf/acse,946
conf/acssc,458
conf/acst,106
conf/acsw,1928
conf/adaD,7
conf/adaEurope,3015
conf/adaptive,3491
conf/adb,633
conf/adbis,4468
conf/adbt,11522
conf/adc,4193
conf/adcog,60
conf/adcons,67
conf/adcs,129
conf/adg,1239
conf/adhoc-now,1945
conf/adhocnets,361
conf/adis,6
conf/adl,3340
conf/adma,1820
conf/admi,156
conf/adntiic,75
conf/adprl,247
conf/ads,502
conf/adt,2324
conf/advis,876
conf/ae,4889
conf/aegs,33
conf/aes,2018
conf/afips,67837
conf/afl,232
conf/afp,4404
conf/afpac,512
conf/africacrypt,1708
conf/africom,129
conf/afrigraph,904
conf/afss,595
conf/agdm,188
conf/agentCL,2935
conf/agentlink,2346
conf/agents,29006
conf/agere,52
conf/agi,772
conf/agile,622
conf/agiledc,2323
conf/agp,4085
conf/ags,203
conf/agtive,3053
conf/ah,4347
conf/ahs,1444
conf/ai,4107
conf/ai50,366
conf/aia,899
conf/aiccsa,3201
conf/aici,274
conf/aicol,27
conf/aics,357
conf/aict,2117
conf/aicv,1289
conf/aied,3705
conf/aifipp,512
conf/aihc,609
conf/aii,1135
conf/aiia,19218
conf/aiide,1758
conf/aim,31
conf/aimdm,618
conf/aime,3482
conf/aiml,2200
conf/aims,320
conf/aimsa,2347
conf/aina,20763
conf/aintec,348
conf/aipr,1701
conf/aiprf,94
conf/aips,16922
conf/aipt,77
conf/air,2
conf/airs,1314
conf/airweb,2037
conf/ais,255
conf/ais2,133
conf/aisa,85
conf/aisadm,191
conf/aisb,2993
conf/aisc,2753
conf/aism,100
conf/aist,2
conf/aistats,11966
conf/aiworc,240
conf/aka,8
conf/alart,53
conf/alc,244
conf/alcob,4
conf/alcosp,214
conf/aldt,273
conf/alenex,5493
conf/algol,103
conf/algosensors,2112
conf/alife,1989
conf/allerton,633
conf/almodep,6
conf/alp,7111
conf/alpit,275
conf/alpuk,289
conf/als,420
conf/alsc,2250
conf/alt,112195
conf/aluacs,446
conf/am,1375
conf/amai,232
conf/amast,8136
conf/ambisys,239
conf/amcc,1632
conf/amcis,17319
conf/amcp,382
conf/amcs,17
conf/amdo,977
conf/amec,2133
conf/amet,1074
conf/amfg,7494
conf/ami,1259
conf/amia,32170
conf/amif,24
conf/amining,142
conf/amire,248
conf/amkm,712
conf/amlta,39
conf/amma,291
conf/amost,360
conf/amr,1012
conf/ams,634
conf/amsterdam,373
conf/amt,565
conf/amta,1935
conf/amw,173
conf/analco,284
conf/anb,30
conf/ancs,2348
conf/and,142
conf/anlp,34890
conf/ann,6347
conf/anna,61
conf/annes,1304
conf/annpr,265
conf/anns,41
conf/anss,4532
conf/ant,158
conf/antalg,1073
conf/ants,8568
conf/antsw,2253
conf/anziis,276
conf/aois,1563
conf/aosd,8775
conf/aose,13517
conf/ap2pc,3430
conf/ap2ps,51
conf/apaqs,438
conf/apbc,2053
conf/apbpm,16
conf/apccas,3529
conf/apccm,1006
conf/apchi,991
conf/apdc,377
conf/apf,38
conf/apgv,2308
conf/apl,1026
conf/aplas,2981
conf/apn,27727
conf/apnoms,509
conf/appinf,611
conf/approx,14236
conf/appt,591
conf/apscc,2316
conf/apsec,10743
conf/apsipa,130
conf/apsys,90
conf/apvis,2571
conf/apwcs,108
conf/apweb,3115
conf/aquileia,5
conf/arbeitspl,3
conf/arc,956
conf/arcs,2119
conf/arcsf,14
conf/ares,271
conf/argmas,1818
conf/arith,10823
conf/arso,47
conf/artcom,390
conf/artdb,720
conf/artqos,56
conf/arts,2361
conf/artsit,99
conf/arvlsi,2851
conf/asap,5524
conf/asc,211
conf/ascilite,1175
conf/ascm,236
conf/asiacrypt,39222
conf/asiajcis,30
conf/asiams,1057
conf/asian,5053
conf/asiasim,298
conf/asicon,5
conf/asm,1689
conf/asmta,303
conf/asp,712
conf/aspdac,17518
conf/asplos,64697
conf/asru,3120
conf/assets,8381
conf/assistive,474
conf/assri,7
conf/asst,183
conf/asunam,1589
conf/aswc,1236
conf/aswec,2933
conf/aswsd,142
conf/async,6480
conf/at,22
conf/atacss,20
conf/atal,93519
conf/atc,909
conf/ate,2
conf/atmn,780
conf/atmos,1421
conf/ats,5361
conf/atva,2685
conf/audio,57
conf/aughuman,259
conf/auic,2140
conf/ausai,7266
conf/ausdm,521
conf/ausforensics,126
conf/aussois,5255
conf/austrographics,1
conf/autoid,1179
conf/automata,1102
conf/automotiveUI,386
conf/autonomics,364
conf/avbpa,12707
conf/avi,7670
conf/avmfss,4487
conf/avsp,2426
conf/avss,5443
conf/awcc,162
conf/awic,1059
conf/awoc,3677
conf/awpn,38
conf/axmedis,170
conf/b,902
conf/baip,73
conf/balt,827
conf/bambi,3
conf/banff,1752
conf/bcb,588
conf/bcbgc,22
conf/bcc,391
conf/bcec,413
conf/bci,129
conf/bcs,242
conf/bcshci,5854
conf/bda,5166
conf/bdas,24
conf/bdim,142
conf/belief,109
conf/beliv,76
conf/berkeley,8199
conf/berlin,169
conf/bertinoro,229
conf/bhi,119
conf/bi,162
conf/bibe,4123
conf/bibm,1614
conf/bic-ta,385
conf/bica,134
conf/bicob,168
conf/bics,43
conf/bife,188
conf/bigcomp,10
conf/bigda,20
conf/bigdata,44
conf/bigdataconf,143
conf/bildmed,1597
conf/bioadit,486
conf/biocomp,747
conf/bioid,316
conf/bioms,16
conf/bionetics,976
conf/biosig,280
conf/biostec,1488
conf/biosurveillance,135
conf/biotechno,49
conf/biovis,53
conf/biow,7
conf/biowire,258
conf/bir,159
conf/bird,329
conf/birte,361
conf/birthday,24119
conf/bis,1727
conf/bliss,229
conf/blogtalk,36
conf/bmas,181
conf/bmcv,1519
conf/bmei,1405
conf/bmsb,64
conf/bmsd,13
conf/bmvc,51771
conf/bnaic,211
conf/bncod,2712
conf/bnt,302
conf/bodynets,742
conf/boemie,48
conf/bonnco,239
conf/bpm,17960
conf/bpmn,117
conf/bpsc,165
conf/bracis,7
conf/brain,223
conf/braincomp,8
conf/broadband,1550
conf/broadcom,127
conf/broadnets,6531
conf/bsdcon,233
conf/bsdia,73
conf/bsn,2257
conf/btas,156
conf/btlab,1121
conf/btw,3772
conf/bueroautomation,10
conf/buis,2
conf/bvai,314
conf/bwcca,384
conf/bxml,264
conf/c++,3666
conf/c3s2e,287
conf/c5,631
conf/ca,5833
conf/caan,592
conf/caap,5718
conf/cac,28
conf/cacsd,251
conf/cad,215
conf/cade,41836
conf/cadgraphics,937
conf/cadui,2188
conf/cae,467
conf/caepia,1043
conf/cai,197
conf/caia,1750
conf/caine,513
conf/caip,7211
conf/caise,27619
conf/caivd,1583
conf/cal,7
conf/calc,480
conf/calco,1141
conf/caldam,7
conf/calisce,128
conf/camad,474
conf/camp,609
conf/camsap,101
conf/candc,1982
conf/candt,559
conf/canpc,981
conf/cans,1480
conf/cap,476
conf/captech,767
conf/car,165
conf/cardis,4012
conf/cars,2915
conf/cartocon,6
conf/cas,272
conf/casc,634
conf/cascon,12624
conf/casdmkm,175
conf/case,2464
conf/cases,6500
conf/casfe,1
conf/cason,287
conf/cassis,770
conf/cata,1402
conf/cate,175
conf/category,691
conf/cats,1092
conf/cau,41
conf/cav,101412
conf/cbdar,59
conf/cbmi,918
conf/cbms,7274
conf/cbse,1839
conf/cbsq,162
conf/cc,12201
conf/cca,978
conf/ccbr,65
conf/ccc,331
conf/cccg,12287
conf/cce,29
conf/ccece,2294
conf/ccgidis,2
conf/ccgrid,27666
conf/cchi,4
conf/ccia,665
conf/cciw,84
conf/ccl,1315
conf/ccmb,56
conf/ccn,135
conf/ccnc,247
conf/cco,316
conf/ccp,72
conf/ccpr,24
conf/ccs,93433
conf/ccseit,18
conf/cd,1156
conf/cdb,723
conf/cdc,25900
conf/cdes,159
conf/cdma,170
conf/cds,3063
conf/cdve,644
conf/ceas,3187
conf/cec,30161
conf/ceemas,2423
conf/cefp,286
conf/centeris,83
conf/cepes,34
conf/cescit,18
conf/cets,14
conf/cf,3103
conf/cfap,103
conf/cfcp,184
conf/cfi,44
conf/cg,3006
conf/cga,687
conf/cgames,89
conf/cgc,122
conf/cgga,36
conf/cgi,5147
conf/cgim,201
conf/cgiv,603
conf/cgo,5651
conf/cgvr,67
conf/charme,4623
conf/chdl,2584
conf/ches,23587
conf/chi,257222
conf/chilechi,10
conf/chimit,239
conf/chinagrid,40
conf/chinz,407
conf/chitaly,49
conf/chorochronos,135
conf/cia,4278
conf/ciac,5769
conf/ciarp,2173
conf/ciasg,73
conf/cib,54
conf/cibb,190
conf/cibcb,1470
conf/cibd,1
conf/cibim,65
conf/cibse,238
conf/cic,229
conf/cica,59
conf/cicac,28
conf/cicare,7
conf/cicc,4740
conf/cicling,5854
conf/cicomms,1
conf/cics,129
conf/cicsyn,378
conf/cide,3
conf/cidm,973
conf/cidr,12184
conf/cidu,80
conf/cidue,18
conf/cie,2574
conf/ciel,9
conf/cies,6
conf/cifer,7305
conf/cig,2803
conf/cihli,13
conf/ciia,7
conf/ciip,22
conf/ciise,36
conf/ciit,798
conf/cikm,72291
conf/cilc,115
conf/cim,2517
conf/cimaging,277
conf/cimca,2421
conf/cimcdm,328
conf/cimi,14
conf/cimsivp,43
conf/cinq,763
conf/cip,35
conf/cipls,10
conf/cira,6847
conf/cirat,3
conf/cis,3982
conf/cisc,1658
conf/cisched,324
conf/cisda,419
conf/cisim,460
conf/cisis,1690
conf/cisis-spain,331
conf/cism,775
conf/cismod,311
conf/ciss,4377
conf/cisse,1056
conf/cisst,209
conf/cist,9
conf/cit,1081
conf/cita,39
conf/citisens,20
conf/cive,4
conf/civi,11
conf/civr,8844
conf/civts,27
conf/civvs,62
conf/cjcdgcgt,120
conf/ckec,244
conf/cl,3032
conf/cla,535
conf/clade,609
conf/clawar,594
conf/cleandb,199
conf/clear,2073
conf/clef,18658
conf/clei,32
conf/clihc,313
conf/clima,3198
conf/clin,1605
conf/clor,584
conf/closer,235
conf/cloud,1669
conf/cloudcom,3093
conf/cloudcomp,330
conf/cloudi,20
conf/cloudnet,38
conf/clsw,38
conf/cluster,8047
conf/cmc,1159
conf/cmcs,99
conf/cmg,33362
conf/cmmr,1122
conf/cmn,6
conf/cms,4218
conf/cmsb,3817
conf/cn,241
conf/cncl,6
conf/cnhpca,194
conf/cnis,65
conf/cnkbs,957
conf/cnl,404
conf/cns,39
conf/cnsa,90
conf/cnsm,443
conf/cnsr,2701
conf/cobuild,2464
conf/coco,61124
conf/cocoa,1645
conf/cococ,898
conf/cocoon,17641
conf/cocos,512
conf/codas,906
conf/codaspy,440
conf/codata,41
conf/codcry,179
conf/codes,11576
conf/coding,989
conf/coea,21
conf/cogart,50
conf/cognitive,256
conf/cogsys,55
conf/colcom,1674
conf/coling,68639
conf/colis,261
conf/collaboration,907
conf/colog,1042
conf/colognet,244
conf/colognetwente,902
conf/colt,172142
conf/comad,2218
conf/comgeo,257
conf/comma,1241
conf/compass,3296
conf/compcon,11515
conf/compeng,94
conf/compgeom,89590
conf/compimage,136
conf/complenet,124
conf/complex,322
conf/complexsystems,45
conf/complife,331
conf/compos,2743
conf/compsac,13894
conf/compsens,4
conf/compsystech,693
conf/compulog,364
conf/compute,343
conf/comsnets,2097
conf/comsware,1601
conf/concur,46863
conf/conext,5892
conf/confws,3
conf/conielecomp,556
conf/conll,15228
conf/conpar,3069
conf/constructivity,286
conf/content,24
conf/context,2300
conf/coodbse,371
conf/coop,310
conf/coopis,14473
conf/cooppn,511
conf/coordination,6017
conf/coots,4424
conf/coregrid,342
conf/cores,428
conf/coria,93
conf/cosade,63
conf/cosit,9196
conf/cosn,65
conf/cosps,68
conf/cost,3145
conf/cp,28395
conf/cpa,725
conf/cpaior,2403
conf/cpe,5520
conf/cpm,20452
conf/cpp,181
conf/cpsn,16
conf/cqre,289
conf/cr,17
conf/cris,324
conf/crisis,221
conf/critical,313
conf/critis,895
conf/criwg,2335
conf/crowncom,3153
conf/crv,2857
conf/crw,158
conf/crypto,269304
conf/csa,54
conf/csac,154
conf/csb,8097
conf/csc,492
conf/cscl,8795
conf/csclp,775
conf/cscw,98709
conf/cscwd,4845
conf/csdm,199
conf/cse,2336
conf/csedu,245
conf/csee,37548
conf/csee2,46
conf/csemws,25
conf/cser,33
conf/cserc,16
conf/csfw,25727
conf/csie,899
conf/csiirw,330
conf/csise,21
conf/csl,18527
conf/cslp,181
conf/csmr,6841
conf/csndsp,283
conf/cso,431
conf/csp,10
conf/cspf,1
conf/csr,2375
conf/csreaEEE,840
conf/csreaESA,421
conf/csreaHCI,29
conf/csreaPSC,155
conf/csreaSAM,1806
conf/css,55
conf/csse,2682
conf/cssw,382
conf/cswws,46
conf/ct,695
conf/ctcs,5148
conf/ctic,21
conf/ctpe,26
conf/ctrs,3210
conf/ctrsa,13567
conf/cts,1519
conf/cube,71
conf/cubist,8
conf/culture,57
conf/curac,16
conf/cvbia,693
conf/cvdb,136
conf/cve,472
conf/cvhi,29
conf/cvm,34
conf/cvmp,13
conf/cvpr,379400
conf/cvrmed,10766
conf/cw,2294
conf/cwords,12
conf/cyberc,129
conf/cybersec,65
conf/cybersecurity,19
conf/daarc,76
conf/dac,186313
conf/daeng,23
conf/dafx,1
conf/dagm,10564
conf/dagstuhl,49198
conf/dai,952
conf/dais,2352
conf/daisd,374
conf/dalt,2519
conf/damas,72
conf/damon,493
conf/dance,2791
conf/dante,314
conf/dapsys,108
conf/dare,1184
conf/darpa,1420
conf/dars,1347
conf/das,2742
conf/dasc,857
conf/dasfaa,6723
conf/dasip,161
conf/data,26
conf/datalog,278
conf/date,52731
conf/datech,5
conf/datenschutz,14
conf/dateso,273
conf/dawak,5110
conf/db-workshops,14026
conf/dba,283
conf/dbcrowd,2
conf/dbisp2p,2309
conf/dbkda,97
conf/dbmachine,145
conf/dbpl,12071
conf/dbsec,10418
conf/dbsocial,34
conf/dbt,28
conf/dbta,166
conf/dbtel,155
conf/dbvis,513
conf/dc,535
conf/dcai,660
conf/dcc,27012
conf/dce,80
conf/dceis,149
conf/dcfs,1827
conf/dcoss,3451
conf/dcscw,163
conf/dcsp,467
conf/dcv,78
conf/dcw,361
conf/ddb,634
conf/ddecs,861
conf/ddep,216
conf/ddops,4
conf/ddss,451
conf/debs,2076
conf/deductive,1242
conf/deec,194
conf/deform,300
conf/deis,30
conf/delfi,270
conf/delos,1239
conf/delta,1341
conf/dem,5123
conf/deon,1170
conf/depcos,514
conf/desire,31
conf/desrist,923
conf/det,401
conf/dev,284
conf/dexa,14267
conf/dexaw,13825
conf/dfg,1913
conf/dfki,37
conf/dfma,292
conf/dfn,1182
conf/dfrws,197
conf/dft,5613
conf/dfvlr,336
conf/dgci,3893
conf/dgo,3415
conf/diagrams,2071
conf/dial,863
conf/dialm,9650
conf/dialog,1
conf/diau,8126
conf/dics,47
conf/dicta,3235
conf/dictap,896
conf/digibiz,29
conf/digitalCities,2070
conf/digitel,427
conf/digra,2581
conf/dils,1253
conf/dim,989
conf/dimacs,1528
conf/dimea,485
conf/dimva,2026
conf/dips,37
conf/dir,8
conf/dis,4812
conf/disappearing,57
conf/discex,1423
conf/discipl,228
conf/disco,1754
conf/diss,148
conf/diweb,271
conf/dl,13564
conf/dlog,10351
conf/dls,540
conf/dlt,7391
conf/dmccg,264
conf/dmcs,164
conf/dmdw,1005
conf/dmg,184
conf/dmin,637
conf/dmkd,5828
conf/dmkdttt,28
conf/dmo,87
conf/dmold,2
conf/dms,234
conf/dmsn,894
conf/dmtcs,500
conf/dna,9770
conf/dnis,604
conf/doa,1253
conf/doceng,3829
conf/dolap,3427
conf/dood,7342
conf/dpc,366
conf/dpds,1257
conf/dphoto,107
conf/dppi,623
conf/drcn,65
conf/drm,3261
conf/drmtics,146
conf/drr,1694
conf/drums,276
conf/drw,316
conf/ds,7272
conf/dsaa,2
conf/dsai,27
conf/dsd,3943
conf/dsde,65
conf/dsdm,17
conf/dser,1
conf/dsl,2621
conf/dsml,7
conf/dsmml,338
conf/dsn,21786
conf/dsom,2239
conf/dsp,181
conf/dsrt,2221
conf/dsscv,100
conf/dsvis,4733
conf/dtis,5
conf/dux,90
conf/dw,21
conf/dynamo,200
conf/e2dc,36
conf/e2emon,221
conf/e4mas,1790
conf/eScience,6242
conf/eacl,17481
conf/eagc,1829
conf/eai,79
conf/eaia,58
conf/eais,79
conf/eamt,367
conf/eann,213
conf/ease,105
conf/easss,1369
conf/eatis,183
conf/eb,430
conf/ebernburg,35
conf/ebiss,6
conf/ebusiness,16
conf/ec,178
conf/ecAgents,1431
conf/eca,175
conf/ecai,39911
conf/ecaiw,6130
conf/ecal,7468
conf/ecbs,5337
conf/eccb,8441
conf/ecce,488
conf/eccsp,108
conf/ecctd,135
conf/eccv,159515
conf/eceg,60
conf/eceh,148
conf/echt,9198
conf/eci,658
conf/ecir,8436
conf/ecis,17576
conf/eciw,30
conf/eckm,466
conf/eclap,11
conf/eclipse,820
conf/ecmast,602
conf/ecmdafa,2163
conf/ecml,28452
conf/ecmr,233
conf/ecms,260
conf/ecoop,41520
conf/ecoopw,15980
conf/ecoopwException,501
conf/ecows,2183
conf/ecp,4885
conf/ecrime,259
conf/ecrts,12095
conf/ecsa,1312
conf/ecscw,14054
conf/ecsq,297
conf/ecsqaru,11881
conf/ectel,2707
conf/ecumn,317
conf/ecweb,3121
conf/edbt,28921
conf/edbtw,2817
conf/edcc,2484
conf/edcis,574
conf/edemocracy,86
conf/edm,1119
conf/edmcc,413
conf/edo,945
conf/edoc,7157
conf/eds,3784
conf/educon,37
conf/edutainment,1002
conf/eee,2216
conf/eef,2596
conf/eelc,196
conf/eemmas,220
conf/eenergy,546
conf/eewc,59
conf/eextt,444
conf/efdbs,625
conf/eforensics,258
conf/egItaly,218
conf/egc,932
conf/egcdmas,19
conf/egh,4522
conf/egice,163
conf/egov,2610
conf/egpgv,830
conf/egt,5404
conf/egve,337
conf/eh,3544
conf/ehci,2498
conf/ehealth,433
conf/ei,169
conf/eics,697
conf/eidwt,84
conf/eisic,148
conf/eismc,2
conf/eiswt,1169
conf/eit,414
conf/ejc,1022
conf/ekaw,9473
conf/eknow,113
conf/eks,5
conf/elegi,106
conf/elp,3795
conf/elpub,825
conf/elsnet,72
conf/em,100
conf/embsys,73
conf/emc,20
conf/emcr,311
conf/emeit,234
conf/emisa,917
conf/emmcvpr,6541
conf/emnets,494
conf/emnlp,19971
conf/emo,9520
conf/ems,516
conf/emsoft,8123
conf/emv,10
conf/enase,223
conf/enc,891
conf/energyware,52
conf/enic,2
conf/enter,1718
conf/enumath,9
conf/enviroinfo,29
conf/eon,400
conf/eoolt,154
conf/ep,355
conf/epart,267
conf/epew,805
conf/epia,3448
conf/epk,499
conf/epos,90
conf/eps,8887
conf/er,28947
conf/ercimdl,9491
conf/ergoihm,4
conf/erlang,512
conf/erpf,37
conf/ersa,1327
conf/ershov,6286
conf/esa,42822
conf/esann,10714
conf/esas,2124
conf/esaw,4139
conf/esc,94
conf/escape,448
conf/ese,197
conf/esec,14998
conf/esem,2337
conf/esernet,170
conf/esf,463
conf/esiat,161
conf/esm,702
conf/esmart,465
conf/esoa,255
conf/esocc,84
conf/esop,27585
conf/esorics,17737
conf/essa,10
conf/esscirc,211
conf/essderc,47
conf/essen,127
conf/essir,453
conf/esslli,398
conf/essmac,186
conf/essos,365
conf/est,69
conf/estimedia,653
conf/esws,12532
conf/etaps,9
conf/etd2000,1101
conf/etelemed,226
conf/etfa,6900
conf/etm,26
conf/etra,4221
conf/etrics,387
conf/ets,1844
conf/ett,23
conf/etvc,152
conf/euc,3358
conf/eucnc,8
conf/eumas,718
conf/eunis,31
conf/eurasiaict,426
conf/eurasip,450
conf/euro-pds,143
conf/eurobot,113
conf/eurocal,3155
conf/eurocast,3622
conf/eurocode,237
conf/eurocolt,25211
conf/eurocon,169
conf/eurocris,17
conf/eurocrypt,147911
conf/eurodac,6251
conf/eurogp,6929
conf/eurographics,26
conf/eurohcir,13
conf/euroimsa,275
conf/euroisi,94
conf/euroitv,659
conf/euromed,187
conf/euromicro,7063
conf/eurongi,861
conf/europacs,29
conf/europar,24096
conf/europecomm,123
conf/europki,1065
conf/europlop,1301
conf/euros,242
conf/eurosam,1801
conf/eurosec,191
conf/eurosim,831
conf/eurospi,749
conf/eurossc,636
conf/eurosys,8649
conf/eurovav,524
conf/euroweb,81
conf/eusai,2111
conf/eusflat,3148
conf/eusipco,414
conf/euspn,39
conf/euvip,126
conf/ev,189
conf/evalita,34
conf/event,541
conf/evoW,12085
conf/evolve,55
conf/evoting,71
conf/ew,524
conf/ewcbr,8000
conf/ewcg,2105
conf/ewdc,7
conf/ewdts,107
conf/ewdw,1424
conf/ewgdss,24
conf/ewhci,873
conf/ewimt,280
conf/ewlr,458
conf/ewmf,650
conf/ewnlg,618
conf/ewrl,244
conf/ewsa,836
conf/ewsdn,43
conf/ewsn,5901
conf/ewsp,47
conf/ewspt,2317
conf/exact,137
conf/exling,30
conf/expcs,221
conf/expdb,87
conf/extreme,3304
conf/f-egc,318
conf/f-ic,22
conf/faa,16
conf/faabs,1568
conf/facs,413
conf/facs2,306
conf/fair,339
conf/fapr,792
conf/fase,8438
conf/fasec,572
conf/fast,10728
conf/fates,1923
conf/fave,66
conf/faw,471
conf/fbit,418
conf/fbt,270
conf/fc,14257
conf/fca,550
conf/fccm,22637
conf/fcs,126
conf/fcst,58
conf/fct,16787
conf/fdbs,51
conf/fdg,825
conf/fdl,1215
conf/fdse,2
conf/fdtc,832
conf/fecs,109
conf/fedcsis,505
conf/feedback,4
conf/fews,62
conf/fg,213
conf/fgcn,1422
conf/fgcs,7959
conf/fgit,972
conf/fgr,42786
conf/fhies,113
conf/fhv,212
conf/fia,522
conf/ficloud,6
conf/fics,39
conf/ficta,108
conf/fidji,481
conf/fiff,53
conf/fimh,1985
conf/fimi,1078
conf/financecom,47
conf/finanz,27
conf/fintal,293
conf/fira,143
conf/firb-perf,48
conf/fire,21
conf/fireeuler,37494
conf/firmware,9
conf/fis,461
conf/fit,191
conf/fitramen,39
conf/fiw,3006
conf/fiwac,451
conf/fjcc,10863
conf/flairs,10104
conf/flfp,187
conf/flops,2255
conf/fm,18943
conf/fmam,4
conf/fmcad,7380
conf/fmco,5840
conf/fmics,1169
conf/fmldo,1207
conf/fmmb,1
conf/fmn,83
conf/fmoods,4646
conf/fmsb,98
conf/fmsp,857
conf/fnms,194
conf/foal,172
conf/foci,393
conf/focs,317181
conf/fodo,4490
conf/foga,19175
conf/foiks,1635
conf/fois,2158
conf/fomi,72
conf/fopara,100
conf/formats,3792
conf/forms,68
conf/forte,11269
conf/fortest,527
conf/forum,8
conf/fosad,2827
conf/fossacs,12046
conf/foveoos,307
conf/fp,1532
conf/fpca,14810
conf/fpga,18539
conf/fpl,18654
conf/fplay,263
conf/fple,276
conf/fps,118
conf/fpt,7545
conf/fq,442
conf/fqas,3163
conf/fractals,121
conf/frauen,5
conf/frocos,2157
conf/fse,28756
conf/fsen,857
conf/fsfma,3
conf/fskd,5009
conf/fsmnlp,342
conf/fsr,2470
conf/fsttcs,22659
conf/ftcs,22835
conf/ftdc,2257
conf/ftdcs,2803
conf/ftp,564
conf/ftrtft,5862
conf/ftscs,18
conf/ftvi,10
conf/fun,600
conf/fungames,228
conf/fusion,6062
conf/futsec,28
conf/future,283
conf/fuzzIEEE,13416
conf/fuzzy,2327
conf/fws,17
conf/gacm,67
conf/gala,11
conf/galop,116
conf/gamedays,3
conf/gamenets,593
conf/gameon,453
conf/gamesec,181
conf/gbpm,43
conf/gbrpr,1096
conf/gc,442
conf/gca,213
conf/gcb,4424
conf/gcc,4126
conf/gccb,52
conf/gcse,1372
conf/gd,40829
conf/gdn,4
conf/gecco,92697
conf/gecon,667
conf/gefs,131
conf/gem,129
conf/geneme,222
conf/gensips,98
conf/geo,168
conf/geoinfo,341
conf/geoinformatics,436
conf/georob,1667
conf/geos,603
conf/gesellschaft,27
conf/gfheu,9
conf/gfkl,3332
conf/gg,10975
conf/ghtc,89
conf/gi,12783
conf/giae,267
conf/gil,68
conf/gir,929
conf/gis,12787
conf/giscience,1908
conf/gkr,29
conf/glakes,390
conf/gldv,152
conf/global,125
conf/globalsip,53
conf/globe,120
conf/globecom,105540
conf/glvlsi,7169
conf/gm,2281
conf/gmai,268
conf/gmds,20
conf/gmmas,102
conf/gmmemv,4
conf/gmp,2171
conf/gol,1
conf/gosler,514
conf/gpc,1653
conf/gpce,5115
conf/gptp,9
conf/gr,1229
conf/graphicsinterface,15397
conf/graphik,22
conf/graphite,2144
conf/grapp,688
conf/grc,3780
conf/grec,9509
conf/green,633
conf/greencom,706
conf/greenets,18
conf/greens,45
conf/grid,10645
conf/gridnets,318
conf/group,10785
conf/groupware,38
conf/grpa,4547
conf/gsem,152
conf/gsi,64
conf/gsn,1343
conf/gsr,1
conf/gst,567
conf/gsw,19
conf/gta,333
conf/gtitc,315
conf/gttse,1401
conf/gvd,6634
conf/gw,7026
conf/haicta,1
conf/haid,407
conf/hais,1177
conf/haisa,65
conf/haptics,8138
conf/hase,4180
conf/haskell,1889
conf/haw,38
conf/hbu,151
conf/hcat,18
conf/hcc,297
conf/hcce,45
conf/hci,15200
conf/hcied,28
conf/hcir,24
conf/hcitoch,98
conf/hcomp,83
conf/hcse,100
conf/hcw,4656
conf/healthcom,121
conf/healthgrid,658
conf/hercma,105
conf/hhci,962
conf/hic,99
conf/hicons,42
conf/hicss,101629
conf/hikm,80
conf/him,559
conf/hima,28
conf/hinc,121
conf/hip,188
conf/hipc,6121
conf/hipeac,931
conf/hips,681
conf/his,4318
conf/his2,30
conf/hisb,113
conf/hldvt,1788
conf/hlk,289
conf/hlppp,1825
conf/hlt,763
conf/hm,875
conf/hmi,179
conf/hoa,3349
conf/holomas,899
conf/hopl,1905
conf/host,1034
conf/hotcloud,1151
conf/hotdep,198
conf/hoti,9295
conf/hotnets,1331
conf/hotos,13558
conf/hotp2p,313
conf/hotpar,66
conf/hotsos,6
conf/hotstorage,89
conf/hotswup,154
conf/hpagc,32
conf/hpc,625
conf/hpca,26675
conf/hpcc,2309
conf/hpcn,7175
conf/hpcncs,24
conf/hpcs,917
conf/hpdc,28992
conf/hpec,45
conf/hpn,2550
conf/hpsr,136
conf/hpts,2147
conf/hpwd,49
conf/hri,5977
conf/hrpr,92
conf/hsaft,331
conf/hsc,14
conf/hsnmc,450
conf/hsns,123
conf/ht,31272
conf/htuk,1738
conf/huc,22520
conf/human,341
conf/humanoids,10515
conf/humo,962
conf/hvc,1869
conf/hvei,243
conf/hybrid,37578
conf/i-semantics,670
conf/i3,132
conf/i3e,88843
conf/iaai,1441
conf/iadis,1737
conf/iadt,255
conf/iait,25
conf/ialp,115
conf/ias,1722
conf/iasam,3324
conf/iasse,204
conf/iassist,155
conf/iastedCCS,87
conf/iastedCI,341
conf/iastedCSN,85
conf/iastedSE,531
conf/iastedSEA,363
conf/iastedWTAS,88
conf/iat,7019
conf/iata,832
conf/iaw,447
conf/iberamia,1663
conf/iberspeech,33
conf/ibica,90
conf/ibm,1656
conf/ibpria,3127
conf/ic,1895
conf/ic-nc,183
conf/ic2e,54
conf/ic2it,7
conf/ic3,361
conf/ic3d,10
conf/ic3k,586
conf/ica,2483
conf/ica3pp,842
conf/icaa,6
conf/icaart,705
conf/icac,6848
conf/icacci,185
conf/icacni,29
conf/icad,535
conf/icadl,1814
conf/icai,2208
conf/icaic,78
conf/icail,7931
conf/icais,91
conf/icaisc,2899
conf/icait,27
conf/ical,73
conf/icalp,122492
conf/icalt,9892
conf/icann,16880
conf/icannga,843
conf/icapr,1539
conf/icara,555
conf/icarcv,7622
conf/icaris,5593
conf/icas,1157
conf/icassp,238265
conf/icat,957
conf/icatech,106
conf/icb,5469
conf/icba,1899
conf/icbo,290
conf/icc,125393
conf/iccS,19295
conf/icca,461
conf/iccabs,148
conf/iccad,104804
conf/iccal,488
conf/iccasa,38
conf/iccbr,7903
conf/iccbss,1616
conf/iccc,1006
conf/iccci,1098
conf/icccn,19747
conf/icccs,141
conf/iccd,27546
conf/icce,2140
conf/iccg,145
conf/icchp,3403
conf/icci,2477
conf/iccl,4701
conf/iccl2,93
conf/iccm,549
conf/iccms,91
conf/iccnc,284
conf/iccnmc,498
conf/iccnsm,140
conf/iccoms,36
conf/icconscs,8
conf/iccp,215
conf/iccpol,199
conf/iccps,387
conf/iccs,7119
conf/iccsa,9663
conf/iccsama,5
conf/iccsce,74
conf/iccsw,24
conf/iccta,445
conf/iccv,216626
conf/iccvg,844
conf/iccvw,5566
conf/icdar,27617
conf/icdcit,792
conf/icdcn,2183
conf/icdcs,87448
conf/icdcsw,11410
conf/icde,135333
conf/icdem,52
conf/icdf2c,186
conf/icdim,1364
conf/icdke,14
conf/icdl-epirob,93
conf/icdm,43188
conf/icdm2,72
conf/icdma,90
conf/icds,473
conf/icdsc,1732
conf/icdsp,79
conf/icdt,36527
conf/iceb,328
conf/iceb2,16
conf/icebe,2366
conf/icec,12022
conf/iceccs,5045
conf/icecs,66
conf/icecsys,7186
conf/icee,250
conf/iceee,83
conf/iceei,208
conf/icegov,698
conf/iceis,7600
conf/iceisSAM,34
conf/icer,1199
conf/ices,6497
conf/icess,1034
conf/icetc,73
conf/icete,1194
conf/icetet,28998
conf/icexss,172
conf/icfca,2498
conf/icfce,24
conf/icfem,4906
conf/icfhr,2541
conf/icfie,292
conf/icfp,22454
conf/icfpc,540
conf/icftcs,337
conf/icga,51660
conf/icgec,97
conf/icgi,4149
conf/icgs3,48
conf/icgse,1805
conf/ichi,47
conf/ichim,1793
conf/ichit,367
conf/ichl,286
conf/iciap,11752
conf/iciar,3539
conf/icic,4937
conf/icica,307
conf/icicic,1219
conf/icics,5923
conf/icids,673
conf/icig,2504
conf/icimcs,196
conf/icimth,29
conf/icin,34
conf/icinco,2078
conf/icip,156642
conf/icira,915
conf/icis,31539
conf/icisc,10069
conf/iciso,20
conf/icisp,431
conf/iciss,968
conf/icist,31
conf/icistm,421
conf/icita,1067
conf/icitcs,78
conf/icits,468
conf/icitst,539
conf/iciw,1126
conf/icla,191
conf/iclp,61727
conf/icls,1183
conf/icm,25
conf/icmai,350
conf/icmas,19084
conf/icmb,1822
conf/icmcs,55698
conf/icmcta,53
conf/icmens,819
conf/icmi,11229
conf/icml,290468
conf/icmla,3222
conf/icmlc,907
conf/icmmi,197
conf/icms,324
conf/icmt,1172
conf/icn,3983
conf/icnc,5272
conf/icnp,26679
conf/icns,1214
conf/icnsc,1412
conf/icod,560
conf/icoin,2966
conf/icon,651
conf/iconac,58
conf/iconas,39
conf/iconference,406
conf/iconip,6063
conf/icons,193
conf/icoodb,145
conf/icores,74
conf/icost,854
conf/icpads,9489
conf/icpca,34
conf/icpia,413
conf/icpp,53080
conf/icppw,5961
conf/icpr,82067
conf/icpram,76
conf/icps,1687
conf/icpw,88
conf/icqnm,123
conf/icqt,84
conf/icra,236265
conf/icre,3378
conf/ics,42901
conf/icsap,200
conf/icsc,927
conf/icscCd,405
conf/icsd,425
conf/icsdm,55
conf/icse,145511
conf/icsea,1297
conf/icsecs,136
conf/icsem,60
conf/icseng,57
conf/icsh,24
conf/icsi,691
conf/icsibo,1
conf/icsipa,85
conf/icsle,7
conf/icsm,26437
conf/icsnc,1289
conf/icsnw,396
conf/icsob,203
conf/icsoc,11321
conf/icsoft,1067
conf/icsp,1251
conf/icsqp,222
conf/icsr,2624
conf/icss,35
conf/icssi,4
conf/icst,3673
conf/icstm,148
conf/icsym,316
conf/ict,526
conf/ict-eurasia,43
conf/ict4s,21
conf/icta,23
conf/ictac,5808
conf/ictai,27065
conf/ictcs,1158
conf/ictd,2091
conf/icteri,8
conf/ictglow,43
conf/ictir,377
conf/ictl,2001
conf/icuc,37
conf/icuct,132
conf/icuimc,867
conf/icumt,1018
conf/icvgip,2198
conf/icvs,4440
conf/icvw,91
conf/icw,378
conf/icwca,5
conf/icwe,5025
conf/icwet,503
conf/icwit,8
conf/icwl,1808
conf/icwmc,270
conf/icwn,1857
conf/icws,14000
conf/icwsm,7564
conf/icwus,14
conf/icycs,773
conf/id,1149
conf/ida,5257
conf/idaacs,128
conf/idc,554
conf/idcs,18
conf/ideal,3507
conf/ideas,5212
conf/idl,323
conf/idman,109
conf/idms,2395
conf/ids,792
conf/idt,54
conf/idtrust,191
conf/idw,148
conf/ie,115
conf/ieaaie,12899
conf/ieeeIA,99
conf/ieeealife,412
conf/ieeeams,892
conf/ieeecmc,67
conf/ieeehpcs,792
conf/ieeesam,49
conf/ieeevast,2922
conf/ieem,196
conf/iesa,1360
conf/iess,199
conf/ifachms,125
conf/ifgis,132
conf/ifip,47513
conf/ifip1-7,2347
conf/ifip10,186
conf/ifip10-2,244
conf/ifip10-3,1457
conf/ifip10-5,735
conf/ifip11,116
conf/ifip11-1,100
conf/ifip11-10,747
conf/ifip11-4,105
conf/ifip11-8,161
conf/ifip11-9,785
conf/ifip12,3359
conf/ifip13,280
conf/ifip13-2,92
conf/ifip13-5,46
conf/ifip2,441
conf/ifip2-1,665
conf/ifip2-4,142
conf/ifip2-5,954
conf/ifip2-7,250
conf/ifip3,2524
conf/ifip3-1,674
conf/ifip3-2,436
conf/ifip3-3,174
conf/ifip3-4,124
conf/ifip3-5,429
conf/ifip3-6,39
conf/ifip3-7,237
conf/ifip5-1,85
conf/ifip5-10,1373
conf/ifip5-11,49
conf/ifip5-12,597
conf/ifip5-2,696
conf/ifip5-3,3723
conf/ifip5-4,159
conf/ifip5-5,3946
conf/ifip5-6,40
conf/ifip5-7,3745
conf/ifip5-8,79
conf/ifip6,589
conf/ifip6-2,798
conf/ifip6-3,431
conf/ifip6-6,335
conf/ifip6-8,2750
conf/ifip7,2349
conf/ifip7-2,277
conf/ifip7-5,29
conf/ifip8,1928
conf/ifip8-1,2368
conf/ifip8-2,6676
conf/ifip8-3,254
conf/ifip8-4,125
conf/ifip8-5,4
conf/ifip8-6,549
conf/ifip9,92
conf/ifip9-1,530
conf/ifip9-3,1395
conf/ifip9-6,336
conf/ifipPACT,619
conf/ifipTCS,4242
conf/ifiptm,641
conf/ifita,90
conf/ifl,4461
conf/ifm,6370
conf/ifmt,43
conf/ifsa,1281
conf/igarss,19429
conf/igis,193
conf/ih,20732
conf/ihc,179
conf/ihci,123
conf/ihi,1508
conf/ihis,163
conf/ihm,306
conf/iiasa,72
conf/iicai,1286
conf/iics,542
conf/iih-msp,2752
conf/iii,7
conf/iiix,586
conf/iimss,2
conf/iir,70
conf/iis,20883
conf/iisa,21
conf/iiswc,1618
conf/iita,189
conf/iitsi,193
conf/iiwas,1496
conf/ijcai,295635
conf/ijcbs,137
conf/ijcci,258
conf/ijcnlp,2729
conf/ijcnn,15630
conf/ijit,365
conf/ike,854
conf/iknow,139
conf/ilc,31
conf/ilp,14495
conf/im,9914
conf/ima,4956
conf/ima-ms,1286
conf/imacs,386
conf/imagapp,52
conf/imaging,6268
conf/imbsa,1
conf/imc,24389
conf/imcim,807
conf/imcsit,625
conf/imdm,6
conf/imecs,573
conf/imf,199
conf/imis,375
conf/immerscom,98
conf/immoa,4
conf/imperial,867
conf/imr,10421
conf/ims,188
conf/imsa,523
conf/imsccs,987
conf/imtci,214
conf/imtic,84
conf/imvip,65
conf/imvirell,5
conf/imw,3277
conf/imycs,4921
conf/inap,781
conf/inc,12
conf/incdm,889
conf/incos,570
conf/indc,364
conf/indiaSE,364
conf/indin,117
conf/indocrypt,4726
conf/ine,18
conf/inetbib,2
conf/inex,6857
conf/infocom,350398
conf/informatiktage,110
conf/inforsid,4868
conf/infoscale,1250
conf/infoseccd,95
conf/infosechicomnet,10
conf/infovis,13276
conf/infrasec,412
conf/infrkm,30
conf/inlg,1971
conf/innovations,1840
conf/inoc,151
conf/inria,690
conf/instinctive,24
conf/intellcomm,269
conf/intelligent,81
conf/intensive,38
conf/intenv,586
conf/interact,17182
conf/interaction,377
conf/interop,155
conf/intersense,341
conf/interspeech,130378
conf/interval,650
conf/interworking,200
conf/intetain,787
conf/intrust,208
conf/iolts,3011
conf/iopads,2468
conf/iot,715
conf/iov,2
conf/ipas,725
conf/ipaw,1192
conf/ipc,197
conf/ipcai,221
conf/ipcat,17
conf/ipcc,89
conf/ipccc,4838
conf/ipco,23226
conf/ipcv,533
conf/ipin,283
conf/ipmi,16409
conf/ipmu,4277
conf/ipom,229
conf/ipps,78830
conf/ipsen,169
conf/ipsj,2409
conf/ipsn,28102
conf/ipsy,493
conf/ipta,166
conf/iptc,15
conf/iptcomm,413
conf/iptps,20342
conf/iq,2486
conf/iqis,557
conf/ir,374
conf/iral,710
conf/ircdl,233
conf/irep,427
conf/irfc,98
conf/iri,2627
conf/irma,661
conf/iros,126537
conf/irregular,2075
conf/is,179
conf/is4th,485
conf/isa,2454
conf/isaac,26271
conf/isads,3683
conf/isaim,2162
conf/isami,237
conf/isarcs,54
conf/isas,416
conf/isas-sci,191
conf/isbast,26
conf/isbi,14072
conf/isbms,377
conf/isbra,926
conf/isca,135083
conf/iscas,68042
conf/iscc,13879
conf/iscid,176
conf/iscide,125
conf/iscis,2984
conf/iscn,190
conf/iscnz,159
conf/isco,394
conf/iscope,1399
conf/iscopt,119
conf/iscram-med,3
conf/iscsct,531
conf/iscslp,478
conf/isd,296
conf/isda,4251
conf/isdb,68
conf/isdevel,802
conf/isdf,64
conf/isdo,105
conf/isdoc,8
conf/isec,61
conf/isecs,417
conf/iser,17209
conf/isese,2861
conf/isess,178
conf/iseud,360
conf/isgt,379
conf/isgteurope,887
conf/ishpc,1418
conf/isi,3516
conf/isia,37
conf/isica,513
conf/isict,595
conf/isim,41
conf/isip,186
conf/isipers,3
conf/isips,34
conf/isipta,3791
conf/isit,15815
conf/isita,182
conf/isiwi,196
conf/iski,381
conf/isko,8
conf/islped,29414
conf/ism,3101
conf/ismar,12048
conf/ismb,40807
conf/ismda,926
conf/ismir,16812
conf/ismis,9208
conf/ismm,2912
conf/isms,376
conf/ismvl,5577
conf/isn,4891
conf/isnn,5670
conf/isola,2725
conf/isooms,276
conf/isorc,8798
conf/isotas,1316
conf/ispa,4425
conf/ispacs,87
conf/ispan,5775
conf/ispass,3972
conf/ispd,13565
conf/ispdc,1726
conf/ispe,756
conf/ispec,1360
conf/ispw,21724
conf/isqed,8032
conf/isr,393
conf/isrr,7777
conf/issa,562
conf/issac,20369
conf/issads,172
conf/isscc,13365
conf/isse,90
conf/issep,342
conf/issnip,65
conf/issoc,28
conf/isspa,5615
conf/isspit,203
conf/issre,12276
conf/isss,7703
conf/isss2,1625
conf/issse,296
conf/issta,18516
conf/ista,599
conf/istar,104
conf/istcs,11324
conf/isuvr,66
conf/isvc,3378
conf/isvd,525
conf/isvlsi,4586
conf/isw,8946
conf/iswc,19090
conf/iswcs,405
conf/isws,27
conf/iswsa,262
conf/ita,1024
conf/itat,10
conf/itbam,83
conf/itc,56652
conf/itcc,8080
conf/itch,112
conf/itcs,3
conf/itee,318
conf/ithet,37
conf/ithings,114
conf/iti,1252
conf/itib,43
conf/iticse,8371
conf/itng,3603
conf/itp,665
conf/itqm,140
conf/itre,297
conf/itrust,3088
conf/its,10887
conf/itsl,45
conf/itst,56
conf/itw,321
conf/iucs,330
conf/iui,26631
conf/iuk,31
conf/iukm,23
conf/iused,41
conf/iv,7547
conf/iva,5088
conf/ivcnz,107
conf/iveva,30
conf/ivic,205
conf/ivs,1429
conf/iwaal,61
conf/iwac,41
conf/iwaca,356
conf/iwaenc,29
conf/iwai,1086
conf/iwan,1547
conf/iwann,7383
conf/iwap,34
conf/iwar,23
conf/iwbbio,31
conf/iwbrs,225
conf/iwcc,411
conf/iwcf,198
conf/iwcia,789
conf/iwcls,2061
conf/iwcm,407
conf/iwcmc,3875
conf/iwdc,1199
conf/iwde,8
conf/iwdm,1182
conf/iwdw,8602
conf/iweb,6
conf/iwec,2354
conf/iwfm,290
conf/iwhd,400
conf/iwia,636
conf/iwic,185
conf/iwicpas,134
conf/iwinac,1302
conf/iwips,186
conf/iwlcs,3417
conf/iwls,555
conf/iwmm,8626
conf/iwmmdbms,1268
conf/iwnas,162
conf/iwoca,1110
conf/iwocl,3
conf/iwomp,1325
conf/iwpacbb,90
conf/iwpc,9326
conf/iwpec,3870
conf/iwpse,1572
conf/iwpt,916
conf/iwqos,4828
conf/iwridl,38
conf/iwrt,111
conf/iwsapf,243
conf/iwsas,895
conf/iwsc,182
conf/iwsda,12
conf/iwsds,32
conf/iwsec,824
conf/iwsg,97
conf/iwslt,1043
conf/iwsm,379
conf/iwsoc,638
conf/iwsos,394
conf/iwssd,717
conf/iwuc,187
conf/iwvf,1030
conf/iwwert,341
conf/izs,312
conf/jac,94
conf/java,6051
conf/javacard,284
conf/jbi,490
conf/jbidi,11
conf/jcai,171
conf/jcdcg,2036
conf/jcdkb,2392
conf/jcdl,13713
conf/jcis,2119
conf/jcit,151
conf/jckbse,88
conf/jelia,11300
conf/jfla,29
conf/jfplc,1010
conf/jfsma,24
conf/jic,409
conf/jiisic,63
conf/jisbd,938
conf/jist,14
conf/jit,4276
conf/jmlc,662
conf/jobim,180
conf/jsai,1613
conf/jsspp,15227
conf/jtres,552
conf/jurix,856
conf/jva,216
conf/jvm,1405
conf/kbcs,207
conf/kbse,21844
conf/kcap,4081
conf/kdd,148223
conf/kdecb,126
conf/kdid,1076
conf/kdxd,30
conf/kelsi,70
conf/kes,12656
conf/kesamsta,1210
conf/kesw,23
conf/kgc,887
conf/ki,10952
conf/kic,126
conf/kicss,63
conf/kivs,1749
conf/kmgov,258
conf/kmo,37
conf/kninvi,267
conf/knowright,1352
conf/kognition,4
conf/kolicalling,210
conf/kont,82
conf/konvens,544
conf/kpdays,1
conf/kr,60866
conf/kramas,174
conf/krdb,1905
conf/krmed,469
conf/kroml,412
conf/kse,79
conf/ksem,687
conf/kyotoDL,208
conf/la-web,1446
conf/lacl,1833
conf/ladc,498
conf/lads,194
conf/lai,247
conf/lak,833
conf/lam,744
conf/lamas,144
conf/lambda,241
conf/lanc,225
conf/lanman,832
conf/lanmr,90
conf/lanoms,329
conf/lansec,58
conf/laptec,42
conf/larc,21
conf/larch,503
conf/laser,161
conf/laseres,2
conf/lata,1730
conf/latice,20
conf/latin,13469
conf/latincrypt,222
conf/lats,48
conf/latw,15
conf/law,10360
conf/lbm,78
conf/lcc,2735
conf/lcn,19326
conf/lcpc,21610
conf/lcr,826
conf/lctrts,7495
conf/ldav,73
conf/ldpm,382
conf/ldrs,829
conf/ldta,89
conf/lec,227
conf/leet,436
conf/lege,221
conf/lernet,155
conf/less,55
conf/lfcs,3208
conf/lfmtp,53
conf/lfp,18038
conf/lics,87428
conf/lid,1206
conf/lightsec,18
conf/lilog,104
conf/ling,17
conf/lion,1054
conf/lipari,114
conf/lisa,7775
conf/lisa-nt,88
conf/liss,18
conf/lit,143
conf/litp,1617
conf/lkr,43
conf/lll,473
conf/lm,116
conf/lmo,283
conf/loca,2027
conf/locweb,70
conf/loft,61
conf/logicColl,185
conf/lomaps,469
conf/lop,10767
conf/lopstr,7937
conf/lori,364
conf/lp,2154
conf/lpar,11401
conf/lpe,748
conf/lpkr,508
conf/lpnmr,12762
conf/lpss,61
conf/lrec,17564
conf/lsgrid,137
conf/lsms,394
conf/lso,530
conf/lssc,2417
conf/ltc,1262
conf/ltconf,385
conf/lwa,1079
conf/m-dbis,27
conf/ma,6713
conf/maamaw,7476
conf/mabs,4019
conf/mace,125
conf/mach,1972
conf/macom,81
conf/madnes,130
conf/maics,80
conf/mallow,231
conf/malware,513
conf/mammo,815
conf/mamus,202
conf/marc,25
conf/mas,4517
conf/masa,414
conf/mascots,11638
conf/mass,6808
conf/massa,21
conf/massdata,156
conf/mata,869
conf/mates,1070
conf/maude,13
conf/maveba,167
conf/mbees,130
conf/mbmv,442
conf/mbui,90
conf/mc,960
conf/mcam,180
conf/mcdm,252
conf/mcetech,126
conf/mci,6
conf/mcis,169
conf/mcm,83
conf/mcm2,39
conf/mcmaster,289
conf/mco,191
conf/mcpr,609
conf/mcpr2,154
conf/mcs,6967
conf/mcss,113
conf/mcta,1
conf/mcu,1660
conf/mda,253
conf/mdafa,899
conf/mdai,1209
conf/mdeis,25
conf/mdi,3
conf/mdic,54
conf/mdm,7523
conf/medalg,35
conf/medbiometrics,211
conf/medes,328
conf/medhocnet,509
conf/medi,42
conf/mediaeval,194
conf/mediaforensics,648
conf/medinfo,1663
conf/medivis,32
conf/medoc,97
conf/membrane,3498
conf/memea,94
conf/memetic,7
conf/memics,122
conf/memocode,1454
conf/mesoca,37
conf/meta,1342
conf/metacognition,143
conf/metainformatics,387
conf/metmbs,479
conf/metrics,6848
conf/mfcs,42104
conf/mfdbs,626
conf/mfps,8137
conf/mg,94
conf/mhci,8589
conf/mhs,173
conf/mhvr,461
conf/mi,1382
conf/miar,1034
conf/mic,141
conf/micai,2931
conf/miccai,59627
conf/micro,59172
conf/microcomputing,11
conf/middleware,15465
conf/midi,5
conf/mie,2409
conf/mig,366
conf/mike,13
conf/mikro,4
conf/mim,72
conf/mimi,146
conf/minar,303
conf/mindtrek,656
conf/minenet,895
conf/mipro,299
conf/miproBIS,16
conf/mips,181
conf/mir,7132
conf/mira,386
conf/mirage,383
conf/mirrorbot,196
conf/mis,1590
conf/mitjsme,1039
conf/miua,15
conf/miwai,56
conf/mixer,73
conf/mkern,875
conf/mkm,11987
conf/mkwi,517
conf/ml,249
conf/mlcw,1276
conf/mldm,2221
conf/mlearn,55
conf/mlg,524
conf/mlics,3252
conf/mlmi,3771
conf/mlmta,372
conf/mlslp,6
conf/mlsp,111
conf/mlss,950
conf/mm,84789
conf/mm4ch,14
conf/mmar,135
conf/mmas,288
conf/mmb,1762
conf/mmbia,77
conf/mmcp,71
conf/mmcs,217
conf/mmdb,559
conf/mmedia,65
conf/mmgps,11
conf/mmics,92
conf/mmm,3542
conf/mmmacns,1416
conf/mmnet,122
conf/mmns,994
conf/mms,65
conf/mmsec,3629
conf/mmsp,10876
conf/mmsys,719
conf/mmvr,478
conf/mobiarch,19
conf/mobicase,450
conf/mobicom,184683
conf/mobide,2460
conf/mobihealth,183
conf/mobihoc,40138
conf/mobilecloud,5
conf/mobileresponse,184
conf/mobilight,210
conf/mobility,683
conf/mobilware,635
conf/mobimedia,943
conf/mobiquitous,5398
conf/mobis,241
conf/mobisec,120
conf/mobisys,16129
conf/mobiwac,748
conf/mobiwis,23
conf/mobserv,14
conf/mochart,396
conf/moco,2
conf/mocomed,8
conf/model,40
conf/modelage,530
conf/modellierung,490
conf/models,7856
conf/modelsward,29
conf/mol,195
conf/momm,842
conf/mompes,301
conf/monami,204
conf/monterey,470
conf/moreal,80
conf/mos,5693
conf/movep,909
conf/moz,242
conf/mpc,7317
conf/mprss,28
conf/mr,128
conf/mrc,293
conf/mrco,213
conf/mrcs,414
conf/ms,126
conf/msa,6
conf/mse,1730
conf/mseem,35
conf/msept,6
conf/mservices,95
conf/msi,139
conf/msiw,558
conf/msm,149
conf/msn,1895
conf/mso,30
conf/msp,43
conf/mspe,45
conf/msps,39
conf/msr,3711
conf/mss,5256
conf/mssp,2
conf/msv,239
conf/mswim,9363
conf/mta,52
conf/mtdt,795
conf/mtpp,26
conf/mtsr,624
conf/mtv,730
conf/mtw,204
conf/muc,3084
conf/mud,195
conf/mue,1362
conf/muenchenwiler,53
conf/multiclust,8
conf/mum,1811
conf/muscle,25
conf/musepat,5
conf/music,66
conf/mva,6416
conf/mvhi,102
conf/mwcn,2603
conf/mww,63
conf/mycrypt,342
conf/naa,1112
conf/naacl,59153
conf/nabic,1453
conf/nada,118
conf/nagoya,118
conf/nanoarch,11
conf/nanonet,543
conf/napaw,110
conf/nas,320
conf/nato,1123
conf/nbis,2077
conf/nc,959
conf/nca,3887
conf/ncca,77
conf/nci,188
conf/ncm,1206
conf/ncma,65
conf/ncs,417
conf/nddl,211
conf/ndqa,635
conf/ndss,23946
conf/ndt,250
conf/nems,434
conf/nesea,70
conf/neta,23
conf/netcod,12
conf/netcom,167
conf/netcoop,353
conf/netgames,3427
conf/nets4cars,75
conf/netsec,179
conf/networking,9360
conf/networks,145
conf/netys,30
conf/neuroscience,297
conf/new2an,625
conf/nf2,544
conf/nfm,554
conf/ngc,2816
conf/ngca,25
conf/ngi,248
conf/ngits,2671
conf/ngmast,106
conf/ni,265
conf/nicso,446
conf/nil,453
conf/nime,9675
conf/nips,404822
conf/nir,71
conf/nixdorf,1113
conf/nldb,3113
conf/nlg,610
conf/nlmua,55
conf/nlp,218
conf/nlpke,44
conf/nlprs,774
conf/nlucs,221
conf/nlulp,284
conf/nma,992
conf/nmelp,2015
conf/nmr,6272
conf/nn,1364
conf/nocs,1862
conf/nodalida,7
conf/nolcos,30
conf/nolisp,377
conf/noms,7180
conf/norchip,16
conf/nordichi,4633
conf/nordicloud,13
conf/nordsec,325
conf/normas,186
conf/nossdav,18192
conf/nostradamus,42
conf/notere,92
conf/npar,3848
conf/npc,2946
conf/nph,411
conf/npiv,465
conf/nsdi,17531
conf/nsdr,409
conf/nsf,727
conf/nsip,516
conf/nspw,10875
conf/nss,611
conf/nsw,16
conf/ntcir,1994
conf/ntii,36
conf/ntms,781
conf/nzgrad,136
conf/oa,295
conf/oas,211
conf/objekt,14
conf/obpdc,266
conf/ocl,368
conf/odbis,175
conf/ode,368
conf/odp,498
conf/odr,22
conf/odrl,43
conf/odyssey,1513
conf/ofai,896
conf/ogai,525
conf/ogrs,45
conf/ohs,1154
conf/okcon,13
conf/om,151
conf/omer,34
conf/ondm,1184
conf/onlinegreencomm,64
conf/ons,3
conf/ontobras,3
conf/oodbs,4402
conf/oographics,485
conf/oois,6400
conf/oopsla,78458
conf/oorase,562
conf/opaals,23
conf/openshmem,14
conf/opnetec,103
conf/opodis,4964
conf/or,2232
conf/ordal,192
conf/ore,21
conf/orm,121
conf/os,1398
conf/osc,115
conf/osdi,53601
conf/oss,1171
conf/otm,12221
conf/owled,2210
conf/ozchi,11462
conf/p2p,9130
conf/p2pkm,123
conf/paa,273
conf/paams,699
conf/paap,27
conf/pacbb,60
conf/paccs,126
conf/pacific,324
conf/paciia,566
conf/pacis,5926
conf/paclic,124
conf/pacs,2325
conf/pact,1376
conf/padl,6776
conf/pado,442
conf/pads,6177
conf/pairing,1627
conf/paisi,211
conf/pakdd,14336
conf/pakm,2231
conf/pam,3522
conf/papm,784
conf/par,370
conf/para,5805
conf/parbase,309
conf/parcella,185
conf/parco,2891
conf/parelec,885
conf/parle,8766
conf/parma,56
conf/pascal,203
conf/paste,3314
conf/patat,10835
conf/patmos,1835
conf/pc,1081
conf/pci,1134
conf/pcl,100
conf/pcm,3882
conf/pcomp,4
conf/pcrcw,1244
conf/pcs,915
conf/pdc,1407
conf/pdcat,2997
conf/pdcn,1017
conf/pdcs,795
conf/pdd,4512
conf/pdes,49
conf/pdis,10590
conf/pdk,782
conf/pdo,819
conf/pdos,151
conf/pdp,8185
conf/pdpcs,218
conf/pdpta,7158
conf/pds,146
conf/pdse,690
conf/pdsicn,267
conf/pe,180
conf/pe-wasun,1183
conf/pearl,108
conf/peccs,73
conf/pepc,160
conf/pepm,9691
conf/percom,19503
conf/perdis,151
conf/performance,3979
conf/permin,23
conf/persdb,37
conf/perspeGKtive,1
conf/persuasive,2034
conf/pervasive,10214
conf/pet,8131
conf/petra,1154
conf/pfe,2823
conf/pg,8056
conf/pgas,62
conf/pgldb,12
conf/pgm,496
conf/ph,3089
conf/phoenix,134
conf/phsn,1485
conf/phycs,8
conf/physik,23
conf/pia,61
conf/pics,1568
conf/pimrc,26633
conf/pit,382
conf/pkaw,307
conf/pkc,21362
conf/pkdd,25605
conf/planX,581
conf/plc,174
conf/pldi,110902
conf/plilp,9543
conf/plisp,578
conf/plop,51
conf/plpv,196
conf/plsa,613
conf/pnpm,5565
conf/podc,85678
conf/podp,354
conf/pods,115617
conf/policy,8321
conf/pomc,957
conf/popl,171888
conf/portability,181
conf/portal,131
conf/pos,4551
conf/post,218
conf/posta,301
conf/ppam,5535
conf/ppcp,3918
conf/ppdp,5276
conf/ppopp,28302
conf/pppj,1158
conf/ppsc,12072
conf/ppsn,34797
conf/ppswr,945
conf/pqcrypto,596
conf/pragweb,61
conf/prdc,3332
conf/premi,1399
conf/pret,108
conf/prib,394
conf/pricai,5733
conf/prima,1780
conf/primelife,183
conf/primium,21
conf/pris,2228
conf/prisms,4
conf/prni,89
conf/procomet,2872
conf/profes,2328
conf/programm,10041
conf/programmier,1117
conf/prolamat,765
conf/promas,3107
conf/promise,345
conf/promisews,7
conf/proms,151
conf/propertytesting,334
conf/propor,491
conf/prospectra,12
conf/provsec,929
conf/prozess,91
conf/psats,66
conf/psb,18545
conf/psc,789
conf/psd,1042
conf/psec,37
conf/psivt,1122
conf/psl,87
conf/psls,258
conf/psse,455
conf/psss,532
conf/pst,1938
conf/pstv,6431
conf/psyco,184
conf/pts,3918
conf/ptw,355
conf/puk,1152
conf/pvg,798
conf/pvm,6674
conf/qcqc,1746
conf/qest,3744
conf/qi,462
conf/qns,379
conf/qofis,1835
conf/qomex,168
conf/qosa,963
conf/qosip,496
conf/qshine,2643
conf/qsic,2664
conf/quacon,76
conf/quantumcomm,54
conf/quatic,351
conf/ra,26
conf/racs,90
conf/raeumlich,38
conf/raid,12063
conf/rait,101
conf/ram,2244
conf/random,7109
conf/ranlp,1115
conf/rapido,10
conf/rasta,226
conf/rbac,6528
conf/rc,131
conf/rcdl,5
conf/rcis,798
conf/re,21957
conf/reading,74
conf/realwsn,33
conf/recomb,43832
conf/reconfig,1153
conf/recosoc,354
conf/recsys,6329
conf/red,61
conf/reflection,1337
conf/refmod,25
conf/refsq,1118
conf/replication,47
conf/rest,87
conf/retis,33
conf/revolutions,68
conf/rex,21235
conf/rfid,1
conf/rfidsec,618
conf/rfidta,107
conf/rgu,27
conf/riao,8533
conf/ride,6457
conf/riiss,80
conf/rims,497
conf/rise,420
conf/rissef,526
conf/rita,41
conf/rivf,664
conf/rm,8
conf/rml,214
conf/ro-man,3073
conf/robio,7907
conf/robocomm,453
conf/robocup,16551
conf/robot,21
conf/robotik,55
conf/robvis,369
conf/rocai,170
conf/rocling,171
conf/rocond,65
conf/rodin,100
conf/room,77
conf/rose,446
conf/rp,262
conf/rr,968
conf/rsctc,7784
conf/rseisp,471
conf/rsfdgrc,3984
conf/rskt,2237
conf/rsp,3567
conf/rss,6430
conf/rt,17433
conf/rta,14245
conf/rtas,14567
conf/rtcsa,6166
conf/rtdb,878
conf/rtns,59
conf/rtse,182
conf/rtss,65287
conf/rule,162
conf/ruleml,4039
conf/rules,3080
conf/rur,1321
conf/rv,960
conf/rweb,1022
conf/rws,66
conf/rz,203
conf/s-bpm-one,430
conf/s-egc,75
conf/s3,33
conf/sab,3286
conf/sac,37130
conf/sace,14
conf/saci,364
conf/sacmat,10440
conf/sacrypt,14299
conf/sadfe,495
conf/sadpi,43
conf/safecomp,3476
conf/safeconfig,72
conf/sag,400
conf/saga,1492
conf/sagamore,246
conf/sagt,1520
conf/saicsit,512
conf/saig,1535
conf/saint,10521
conf/sam,903
conf/samos,4608
conf/samt,748
conf/sanskrit,169
conf/sapir,2277
conf/sara,3513
conf/sas,18017
conf/sasn,12922
conf/saso,1539
conf/sasp,302
conf/sat,9578
conf/sbac-pad,1341
conf/sbbd,2214
conf/sbcars,94
conf/sbcci,2688
conf/sbes,117
conf/sbesc,14
conf/sbgames,76
conf/sbia,2376
conf/sblp,53
conf/sbm,571
conf/sbmf,307
conf/sbp,411
conf/sbrn,1130
conf/sbs,4
conf/sbsc,16
conf/sc,61642
conf/sca,4981
conf/scai,2617
conf/scalcom,97
conf/scalespace,9978
conf/scam,2372
conf/scangis,376
conf/scc,3520
conf/sccc,1182
conf/sccg,1448
conf/scdm,4
conf/sce,18
conf/scesm,344
conf/schule,274
conf/sci,84
conf/scia,2731
conf/scie,1561
conf/scis,34
conf/scm,3970
conf/scn,4876
conf/scoop,180
conf/scopes,569
conf/scs,328
conf/scsc,475
conf/scss,431
conf/sct,668
conf/scube,15726
conf/scvma,242
conf/scvt,20
conf/scw,240
conf/sdb,1025
conf/sde,9554
conf/sdh,123
conf/sdiev,62
conf/sdl,1438
conf/sdm,20754
conf/sdmw,1156
conf/sdt,3785
conf/se,773
conf/seaa,284
conf/seaai,296
conf/seafood,217
conf/seal,2158
conf/searis,7
conf/sebd,3188
conf/sec,5600
conf/seco,159
conf/secon,11106
conf/secperu,212
conf/secrypt,742
conf/securecomm,3677
conf/securit,10
conf/securware,503
conf/sede,266
conf/see,560
conf/sefm,3431
conf/segah,67
conf/seke,8208
conf/selbstorg,2
conf/selfman,201
conf/selmas,1950
conf/sem,378
conf/semcco,359
conf/semco,2256
conf/semweb,52477
conf/semwiki,505
conf/sensappeal,113
conf/sensecam,7
conf/sensornets,30
conf/sensys,43459
conf/sepln,5
conf/seqlearn,487
conf/sera,1374
conf/serene,125
conf/serp,1561
conf/sersc-isa,353
conf/services,1640
conf/servicewave,430
conf/sesena,18
conf/seta,853
conf/setn,1246
conf/setp,46
conf/seuh,30
conf/seus,436
conf/sew,1152
conf/sewcn,38
conf/sfcm,43
conf/sfm,2656
conf/sfp,1477
conf/sg,904
conf/sgai,1505
conf/sgda,65
conf/sgp,7786
conf/shape,372
conf/shapes,1
conf/shell,1336
conf/si3d,28755
conf/siamct,1
conf/sibgrapi,3235
conf/sicherheit,300
conf/sichtsysteme,2
conf/sidar,9
conf/siemens,2784
conf/sies,708
conf/sigada,1489
conf/sigal,978
conf/sigbdp,269
conf/sigcomm,282065
conf/sigcpr,3013
conf/sigcse,24686
conf/sigdial,758
conf/sigdoc,4591
conf/sigecom,34210
conf/siggraph,307117
conf/sigir,205477
conf/sigite,1027
conf/siglex,844
conf/sigmap,318
conf/sigmetrics,70702
conf/sigmod,337960
conf/sigopsE,9418
conf/sigplan,12038
conf/sigplanW,294
conf/sigrad,17
conf/sigsand,23
conf/sigsmall,219
conf/sigsoft,92271
conf/siguccs,63273
conf/sii,9
conf/siit,307
conf/simbad,80
conf/simpar,909
conf/simpda,63
conf/simulationstechnik,100
conf/simultech,62
conf/simutools,2086
conf/simvis,880
conf/sin,293
conf/sinobiometrics,489
conf/sip,464
conf/sipew,184
conf/sips,1587
conf/sirocco,6551
conf/sirs,6
conf/sis,788
conf/sisap,424
conf/sisw,717
conf/sisy,28
conf/sitis,1770
conf/siu,217
conf/skg,1459
conf/slate,14
conf/sle,1503
conf/slip,1906
conf/slp,18546
conf/sls,219
conf/slsfs,776
conf/slsp,33
conf/slt,1994
conf/slte,137
conf/sltu,58
conf/sma,12970
conf/smalltalk,157
conf/smap,560
conf/smartcard,1044
conf/smartgreens,19
conf/smartgridcomm,376
conf/smartgridsec,22
conf/smartnet,332
conf/smbm,176
conf/smc,28167
conf/smi,8852
conf/smile,1369
conf/smps,610
conf/smt,12
conf/sna,16
conf/snc,187
conf/snds,37
conf/sneps,120
conf/snpd,5008
conf/sns,504
conf/snsc,349
conf/soas,141
conf/soca,766
conf/socase,152
conf/socc,1700
conf/socialcom,1867
conf/socialinformatics,29
conf/socinfo,301
conf/soco,1132
conf/socpar,506
conf/socpros,140
conf/socrates,4
conf/socrob,342
conf/socs,188
conf/soda,204116
conf/sofa,27
conf/sofl,1
conf/sofsem,6627
conf/soft,4401
conf/softarc,4
conf/softco,288
conf/softcom,47
conf/softcomp,242
conf/softeks,137
conf/softent,4
conf/softerg,906
conf/softvis,1834
conf/software,206
conf/soict,80
conf/somet,2465
conf/soqua,509
conf/sose,584
conf/sosl,438
conf/sosp,137495
conf/soups,3281
conf/southchi,83
conf/sp,93159
conf/spaa,41290
conf/space,15
conf/spatialCognition,3814
conf/spawc,74
conf/spbg,669
conf/spc,9581
conf/spdece,6
conf/spdp,10547
conf/speakerc,243
conf/specom,40
conf/spice,173
conf/spieSR,25392
conf/spieVIP,56
conf/spin,9117
conf/spire,5936
conf/spit,16
conf/splc,6945
conf/splst,69
conf/springsim,1270
conf/spw,23633
conf/sq,24
conf/sqamia,1
conf/srds,18782
conf/srii,56
conf/sruti,883
conf/ssbse,203
conf/ssc,79
conf/sscc,9
conf/ssd,13641
conf/ssdbm,9842
conf/ssdgp,156
conf/ssgip,31
conf/ssiai,933
conf/ssiri,459
conf/ssme,62
conf/ssp,94
conf/sspr,5411
conf/sspra,88
conf/ssr,2581
conf/ssrr,39
conf/sss,2122
conf/ssv,42
conf/ssw,4023
conf/sswmc,1862
conf/stacs,55729
conf/stairs,160
conf/stast,36
conf/stdbm,730
conf/step,423
conf/stids,18
conf/stm,371
conf/stoc,563585
conf/storagess,553
conf/storytelling,681
conf/stringology,1367
conf/sui,11
conf/sum,865
conf/sumo,1
conf/supercomputer,132
conf/sutc,1708
conf/svm,890
conf/svr,22
conf/swap,524
conf/swarm,713
conf/swat,14890
conf/swat4ls,200
conf/swb,17
conf/swe-ctw,18
conf/swis,4826
conf/swm,390
conf/swqd,63
conf/sws,1019
conf/swste,305
conf/sww,285
conf/swws,223
conf/syben,64
conf/sycss,3
conf/synasc,1203
conf/syrcodis,52
conf/syroco,79
conf/sysose,1166
conf/systor,619
conf/t2fuzz,23
conf/t4e,110
conf/ta,18
conf/tableaux,5790
conf/tabletop,2789
conf/tacas,35833
conf/tacl,21
conf/tacs,12156
conf/tadds,9
conf/tafa,134
conf/tagt,2320
conf/taicpart,223
conf/tainn,80
conf/tal,521
conf/tamc,2403
conf/tamoco,28
conf/tamodia,1407
conf/tap,721
conf/tapas,123
conf/tapd,139
conf/tapia,201
conf/tapp,164
conf/tapsoft,17682
conf/tark,14330
conf/taros,151
conf/tase,1851
conf/tat,62
conf/tau,546
conf/tbillc,385
conf/tc11-5,8115
conf/tcc,16164
conf/tcgov,124
conf/tcltk,1639
conf/tcob,14
conf/tcs,6834
conf/tdb,1081
conf/tdm,93
conf/tds,54
conf/teaa,283
conf/tear,69
conf/teem,14
conf/tei,3452
conf/telecare,33
conf/teleteaching,206
conf/teletraffic,823
conf/temu,3
conf/tes,2546
conf/testen,6
conf/tex,35
conf/textgraphs,127
conf/tfais,177
conf/tfcv,1940
conf/tfm,63
conf/tgc,1822
conf/tic,1962
conf/ticttl,11
conf/tidse,546
conf/time,6232
conf/tjjccgg,11
conf/tke,144
conf/tlca,9615
conf/tldi,1508
conf/tls,1863
conf/tma,110
conf/tmfcs,25
conf/tmra,571
conf/tnc,109
conf/tools,73919
conf/tosca,109
conf/tpcd,1085
conf/tpcg,616
conf/tpctc,407
conf/tphol,22759
conf/tpnc,37
conf/tppp,896
conf/tqc,287
conf/trec,55555
conf/trecvid,925
conf/treds,188
conf/tridentcom,2243
conf/trust,822
conf/trustbus,938
conf/trustcom,399
conf/tsd,4097
conf/tsdm,612
conf/tsp,194
conf/tst,329
conf/tvx,3
conf/types,8370
conf/uads,6
conf/uai,147942
conf/ubimob,68
conf/uc,1087
conf/ucami,84
conf/ucc,301
conf/ucmedia,201
conf/ucs,922
conf/udm,110
conf/uh,6
conf/uiall,855
conf/uic,1693
conf/uidis,446
conf/uist,52308
conf/ukcbr,1521
conf/ukci,39
conf/ukmas,139
conf/uksim,1030
conf/ulpaa,529
conf/um,5577
conf/umc,695
conf/uml,15588
conf/umwelt,165
conf/unendbib,1
conf/unix,1
conf/unu,578
conf/upinlbs,101
conf/upp,778
conf/urai,85
conf/usab,849
conf/usenix,69836
conf/usits,14163
conf/usm,98
conf/uss,44064
conf/utp,299
conf/uwec,3970
conf/uxtv,217
conf/valuetools,2149
conf/vamos,1002
conf/vare,26
conf/vast,1723
conf/vbc,3038
conf/vcbm,211
conf/vchci,152
conf/vcip,4164
conf/vda,53
conf/vdat,11
conf/vdb,2122
conf/vdmb,29
conf/vecims,680
conf/vecpar,2600
conf/vee,3249
conf/verwaltung,30
conf/vg,925
conf/vietcrypt,409
conf/view,48
conf/views,650
conf/viip,375
conf/vinci,84
conf/vip,995
conf/virtual-lab,43
conf/vis,653
conf/visalg,19
conf/visapp,2328
conf/vision,22
conf/vissas,39
conf/vissoft,569
conf/vissym,2748
conf/visual,7593
conf/visualization,47784
conf/vizsec,2088
conf/vl,19263
conf/vlbv,384
conf/vldb,235473
conf/vldbw,96
conf/vlds,8
conf/vlsi,2152
conf/vlsid,16525
conf/vlsm,439
conf/vluds,24
conf/vm,8
conf/vmcai,8789
conf/vmv,10392
conf/vnc,356
conf/volvis,490
conf/voss,353
conf/voteid,197
conf/vr,21739
conf/vrar,3
conf/vrcai,1187
conf/vric,26
conf/vriphys,526
conf/vrml,4216
conf/vrst,7638
conf/vsgames,338
conf/vsl,3
conf/vsmm,262
conf/vstte,1515
conf/vtc,36827
conf/vts,18311
conf/vveis,213
conf/vvg,154
conf/vvs,10463
conf/vw,682
conf/w2gis,870
conf/w3c,2151
conf/w4a,1833
conf/waa,116
conf/wabi,6217
conf/wac,2722
conf/wacc,891
conf/wacg,2670
conf/wacv,16365
conf/wadgmm,9
conf/wads,17966
conf/wadt,4229
conf/wae,3120
conf/waf,7
conf/wafr,5015
conf/waga,204
conf/waifi,436
conf/waim,2798
conf/walcom,1069
conf/waltd,8
conf/wan,213
conf/waoa,5031
conf/wapcv,666
conf/wasa,798
conf/waspaa,379
conf/waw,1797
conf/wbdb,49
conf/wbir,758
conf/wbl,33
conf/wcae,58
conf/wcc,681
conf/wcce,504
conf/wcci,134
conf/wce,424
conf/wcet,805
conf/wcflp,31
conf/wcii,128
conf/wclp,887
conf/wcnc,54198
conf/wcnis,254
conf/wcre,15333
conf/wcsc,11
conf/wcsp,202
conf/wcw,101
conf/wd,280
conf/wdag,21180
conf/wdas,298
conf/wdfia,7
conf/wdia,34
conf/wea,4865
conf/weah,44
conf/web,211
conf/webapps,179
conf/webdb,11169
conf/webeng,761
conf/webi,10504
conf/webist,1566
conf/webmedia,238
conf/webmine,44
conf/webnet,4165
conf/websci,564
conf/wec,870
conf/wecwis,6113
conf/wedelmusic,968
conf/weis,2382
conf/weit,10
conf/welcom,250
conf/wer,709
conf/wes,983
conf/wetice,8446
conf/weworc,203
conf/wf-iot,41
conf/wfcs,48
conf/wfe,44
conf/wflp,254
conf/wg,26691
conf/wgec,133
conf/wh,238
conf/whiceb,7
conf/wi,702
conf/wia,7553
conf/wiamis,1047
conf/wicon,1421
conf/wicsa,5836
conf/widm,3458
conf/wiess,160
conf/wiflex,6
conf/wifs,967
conf/wift,731
conf/wiiw,253
conf/wikis,2043
conf/wilf,1437
conf/wimaw,8
conf/wimbi,278
conf/wimob,3332
conf/wimpel,2
conf/wims,294
conf/wine,6553
conf/winsys,141
conf/wiopt,4095
conf/wipsce,18
conf/wiri,191
conf/wirn,1105
conf/wirtschaftsinformatik,13291
conf/wis,248
conf/wisa,2474
conf/wise,10431
conf/wisec,1599
conf/wiser,109
conf/wises,248
conf/wisi,145
conf/wism,173
conf/wistp,648
conf/witasi,40
conf/wivec,9
conf/wkdd,695
conf/wlp,722
conf/wm,795
conf/wman,228
conf/wmash,1420
conf/wmc,9133
conf/wmcsa,48055
conf/wmi,399
conf/wmp,1596
conf/wmpi,205
conf/wmrd,1285
conf/wmte,3113
conf/wnsp,216
conf/woa,814
conf/wob,458
conf/woc,219
conf/wocc,62
conf/wocci,39
conf/wocfai,521
conf/wocn,128
conf/wod,12
conf/wodes,222
conf/wollic,640
conf/woman,346
conf/womm,35
conf/womo,33
conf/wompat,672
conf/wons,656
conf/wonto,56
conf/woodpecker,64
conf/woot,271
conf/wopplot,394
conf/words,2612
conf/workflow,251
conf/worldcist,93
conf/worm,2088
conf/wosn,1267
conf/wosp,4859
conf/woss,1347
conf/wot,74
conf/wote,118
conf/wotug,397
conf/wow,32
conf/wowmom,8147
conf/wpes,5231
conf/wpmc,201
conf/wpnc,1101
conf/wrac,555
conf/wrla,315
conf/ws,6348
conf/wsa,25
conf/wsbi,4
conf/wsc,100577
conf/wscg,3869
conf/wsdm,8651
conf/wse,1134
conf/wsfm,1956
conf/wsks,766
conf/wsmai,253
conf/wsna,3436
conf/wsom,256
conf/wspi,31
conf/wsr,50
conf/wss,505
conf/wstfeus,335
conf/wstst,410
conf/wts,679
conf/wuauc,374
conf/wuwnet,171
conf/wwca,1940
conf/wwic,1407
conf/wwv,198
conf/www,120253
conf/xfree,7
conf/ximep,246
conf/xmidx,14
conf/xml,172
conf/xmlsec,794
conf/xp,6738
conf/xps,1659
conf/xpu,17549
conf/xsede,63
conf/xsw,75
conf/xsym,922
conf/zeus,83
conf/zif,305
conf/zum,6231
journals/4or,3152
journals/Lobjet,462
journals/aada,2163
journals/aaecc,7484
journals/aai,25184
journals/aamas,24584
journals/abi,951
journals/ac,136192
journals/access,141
journals/accs,260
journals/acisc,164
journals/acj,5197
journals/acr,1445
journals/acs,5364
journals/acta,51206
journals/actaC,4152
journals/adac,897
journals/adb,18508
journals/adcm,23334
journals/adhoc,24419
journals/adt,4253
journals/advai,491
journals/advcs,10151
journals/advor,161
journals/advse,151
journals/aei,14987
journals/aeog,6853
journals/aepia,710
journals/aes,7953
journals/af,77
journals/afp,59657
journals/afs,250
journals/aghcs,116
journals/agis,1563
journals/ahci,349
journals/ahswn,2580
journals/ai,376792
journals/aicom,12028
journals/aiedam,9557
journals/aiedu,4160
journals/ail,5693
journals/aim,75041
journals/air,25738
journals/aires,32
journals/ais,7396
journals/aiss,79
journals/ait,13
journals/ajcm,71
journals/ajict,64
journals/ajiips,66
journals/ajis,4577
journals/algorithmica,53176
journals/algorithms,616
journals/alife,30395
journals/almob,1900
journals/amai,24263
journals/amc,93243
journals/amco,907
journals/amcs,2366
journals/aml,5746
journals/amm,451
journals/amsys,18
journals/annals,2232
journals/anor,41689
journals/ansoft,5307
journals/anthology,1218
journals/ao,3081
journals/aor,306
journals/apal,25512
journals/apin,17509
journals/apjor,2919
journals/appml,25798
journals/ar,14683
journals/arc,7556
journals/argcom,414
journals/arist,9390
journals/arobots,25934
journals/arscom,4914
journals/artmed,27093
journals/asc,28538
journals/ase,14979
journals/aslib,15272
journals/asy,1319
journals/at,348
journals/automatica,229957
journals/axioms,43
journals/bams,12
journals/bapmam,18
journals/bc,50379
journals/behaviourIT,21287
journals/bell,5093
journals/biaa,7
journals/bib,38929
journals/biodatamining,701
journals/biodb,3475
journals/bioinformatics,582213
journals/biomedsem,1150
journals/biosystems,8011
journals/bise,1427
journals/bit,3463
journals/bmcbi,136587
journals/bmcgenomics,170
journals/bmcmi,1800
journals/bmcsb,15670
journals/bpmj,24141
journals/brain,2187
journals/bsl,5955
journals/bspc,3196
journals/cacie,3627
journals/cacm,922594
journals/cad,55554
journals/cagd,31866
journals/cai,2596
journals/cal,1871
journals/candc,21272
journals/candie,25290
journals/cars,4025
journals/cartographica,5294
journals/cas,6488
journals/casa,1
journals/cbm,14331
journals/cbrmd,6
journals/cbsn,50741
journals/cc,5597
journals/ccds,342
journals/cce,35527
journals/ccr,62513
journals/ccsecis,714
journals/cdm,391
journals/ce,50227
journals/cee,4934
journals/cejcs,84
journals/cejor,2307
journals/cera,2746
journals/cg,36406
journals/cga,41215
journals/cgf,50712
journals/chb,44057
journals/chinaf,6509
journals/chk,4531
journals/ci,44731
journals/cib,3031
journals/cie,20147
journals/cii,17858
journals/cim,1051
journals/cin,2806
journals/cis,375
journals/cit,1369
journals/cj,52499
journals/cjtcs,1007
journals/cl,5040
journals/classification,3168
journals/cleiej,382
journals/cloudcomp,581
journals/cluster,8003
journals/cm,7672
journals/cma,33510
journals/cmam,279
journals/cmgt,18
journals/cmig,8072
journals/cmmm,1461
journals/cmot,7519
journals/cmpb,24126
journals/cn,163372
journals/coap,22064
journals/cogcom,1598
journals/cogsci,136657
journals/cogsr,7209
journals/coling,109623
journals/combinatorica,31860
journals/combinatorics,23217
journals/comcom,48151
journals/comgeo,20847
journals/comj,1247
journals/comnet,569
journals/complexity,121038
journals/compsec,51020
journals/computability,8
journals/computation,2
journals/computer,261329
journals/computers,29
journals/computing,31198
journals/comsis,1051
journals/comsur,19860
journals/comsys,2
journals/comvis,757
journals/concurrency,39519
journals/connection,9091
journals/constraints,6804
journals/control,52
journals/cor,111923
journals/corr,485635
journals/cowo,1
journals/cp,5045
journals/cpc,14066
journals/cphysics,24149
journals/creativity,3459
journals/crl,2082
journals/crossroads,12278
journals/cryptologia,10441
journals/cs,93
journals/cscl,4457
journals/cscw,15416
journals/csda,42561
journals/cse,6733
journals/csec,117
journals/csedu,4312
journals/csi,8151
journals/csjm,124
journals/csl,19176
journals/csr,2657
journals/cssc,3394
journals/csse,4866
journals/cssp,3300
journals/csur,214765
journals/csys,7821
journals/ctw,5073
journals/cuza,212
journals/cvgip,71457
journals/cviu,78359
journals/cys,640
journals/da,1889
journals/dafes,4871
journals/dagstuhl-manifestos,2
journals/dagstuhl-reports,33
journals/dam,70961
journals/datamine,42245
journals/datascience,1373
journals/db,39165
journals/dbsk,889
journals/dc,17470
journals/dcc,22606
journals/dcg,32943
journals/debu,19702
journals/deds,9974
journals/dhq,71
journals/di,4183
journals/didactica,9
journals/digearth,2657
journals/disopt,13666
journals/displays,1903
journals/dke,29615
journals/dlib,12703
journals/dm,98470
journals/dmaa,524
journals/dmgt,1899
journals/dmtcs,2717
journals/dn,39
journals/dpd,12099
journals/dq,44
journals/dr,26
journals/dse,4286
journals/dsj,16324
journals/dsonline,3161
journals/dsp,12432
journals/dss,56927
journals/dt,29710
journals/dtj,2675
journals/dud,4364
journals/eInformatica,65
journals/eaai,14305
journals/eait,6086
journals/eatcs,10499
journals/ebusiness,2
journals/ec,66933
journals/eccc,9086
journals/eceasst,2035
journals/ecoi,3776
journals/ecr,3699
journals/ecra,9534
journals/ecs,46
journals/eeel,34
journals/eetws,1
journals/efi,1053
journals/eg,1897
journals/ei,578
journals/eik,3285
journals/eis,3625
journals/ejasmp,678
journals/ejasp,29072
journals/ejbsb,872
journals/ejc,21120
journals/ejcon,5519
journals/ejes,1804
journals/ejis,30545
journals/ejisec,600
journals/ejivp,2040
journals/ejwcn,9958
journals/el,10250
journals/elearn,7396
journals/electronicmarkets,12627
journals/em,19673
journals/eminds,60
journals/emisa,3202
journals/emisaij,260
journals/endm,11755
journals/engl,535
journals/entcs,62078
journals/entropy,7402
journals/envsoft,43260
journals/eor,255722
journals/epodd,2095
journals/ercim,1147
journals/es,1957
journals/ese,13005
journals/esi,474
journals/esl,284
journals/esticas,318
journals/eswa,109580
journals/et,6555
journals/etai,1901
journals/ets,24178
journals/ett,183600
journals/evi,948
journals/evs,516
journals/ew,2
journals/ewc,7888
journals/expert,162391
journals/fac,18257
journals/fcsc,869
journals/ffa,3846
journals/fgcs,38059
journals/fi,718
journals/ficn,3723
journals/fiee,1
journals/fiict,4
journals/fini,3648
journals/finr,418
journals/firai,12
journals/firstmonday,28610
journals/fm,217
journals/fmsd,10470
journals/focm,10645
journals/fodm,4361
journals/fs,26132
journals/fss,58453
journals/ftcgv,3960
journals/ftcit,4486
journals/ftdb,469
journals/fteda,287
journals/fthci,1018
journals/ftir,5257
journals/ftmeco,1611
journals/ftml,3175
journals/ftnet,1215
journals/ftopt,4
journals/ftrob,47
journals/ftsig,381
journals/ftsto,962
journals/fttcs,927
journals/fttiom,324
journals/ftweb,393
journals/fuin,33770
journals/games,422
journals/gamestudies,7233
journals/gandc,21046
journals/gc,10367
journals/gcc,100
journals/geb,74115
journals/geoinformatica,8048
journals/gidr,433
journals/gis,60942
journals/gpb,1824
journals/gpem,6431
journals/grammars,720
journals/grid,7282
journals/gsta,233
journals/hac,446
journals/heuristics,19210
journals/hf,30545
journals/hhci,56493
journals/hij,2092
journals/hm,1269
journals/hmd,1352
journals/i-jac,105
journals/i-jep,20
journals/i-jes,6
journals/ia,1046
journals/iacr,31689
journals/iajet,150
journals/iajit,995
journals/iam,64653
journals/iandc,121979
journals/iando,4105
journals/ibis,123
journals/ibmrd,74371
journals/ibmsj,71348
journals/icae,3384
journals/icga,966
journals/icl,61901
journals/icom,189
journals/ida,8569
journals/idt,264
journals/iee,4656
journals/ieee-rita,21
journals/ieeecc,12108
journals/ieeemm,40063
journals/ieeesp,20218
journals/ieiceee,2998
journals/ieicet,18868
journals/iepol,10963
journals/iet-cds,1206
journals/iet-cdt,720
journals/iet-com,3949
journals/iet-ifs,877
journals/iet-ipr,97
journals/iet-net,37
journals/iet-wss,178
journals/ife,1514
journals/igpl,8824
journals/igtr,4474
journals/iie,577
journals/iim,115
journals/ij3dim,34
journals/ijaacs,257
journals/ijabim,14
journals/ijac,13732
journals/ijacdt,13
journals/ijaci,284
journals/ijact,316
journals/ijact-aicit,118
journals/ijaec,72
journals/ijaeis,98
journals/ijagr,53
journals/ijahuc,3171
journals/ijaip,117
journals/ijaisc,107
journals/ijait,7333
journals/ijal,32
journals/ijalr,51
journals/ijamc,385
journals/ijamc-igi,146
journals/ijantti,87
journals/ijaom,152
journals/ijaose,594
journals/ijapuc,54
journals/ijar,33706
journals/ijaras,46
journals/ijatem,1
journals/ijats,100
journals/ijauc,42
journals/ijavet,30
journals/ijbc,44250
journals/ijbdcn,139
journals/ijbi,2292
journals/ijbic,1438
journals/ijbidm,637
journals/ijbir,134
journals/ijbis,852
journals/ijbpscm,255
journals/ijbra,994
journals/ijcac,58
journals/ijcaet,196
journals/ijcallt,50
journals/ijcat,2251
journals/ijcbdd,245
journals/ijcbpl,73
journals/ijcc,30
journals/ijccbs,80
journals/ijcce,4
journals/ijcee,18
journals/ijces,1360
journals/ijcga,11686
journals/ijcgt,485
journals/ijcia,3341
journals/ijcicg,10
journals/ijcih,79
journals/ijcim,11751
journals/ijcini,608
journals/ijcip,1324
journals/ijcis,18840
journals/ijcisys,3058
journals/ijclclp,86
journals/ijcm,12757
journals/ijcmam,13
journals/ijcnds,62
journals/ijcnis,350
journals/ijcns,510
journals/ijcomsys,7785
journals/ijcopi,39
journals/ijcpol,796
journals/ijcritis,1411
journals/ijcs,638
journals/ijcsa,689
journals/ijcse,668
journals/ijcss,298
journals/ijcssport,168
journals/ijcv,252396
journals/ijcvip,21
journals/ijcwt,11
journals/ijdar,6729
journals/ijdc,1123
journals/ijdcf,154
journals/ijde,1444
journals/ijdet,698
journals/ijdldc,36
journals/ijdls,42
journals/ijdmb,714
journals/ijdmbc,428
journals/ijdmmm,185
journals/ijdsn,3312
journals/ijdsst,93
journals/ijdst,60
journals/ijdtis,10
journals/ijea,42
journals/ijeb,1503
journals/ijebm,197
journals/ijebr,584
journals/ijec,601
journals/ijeei,36
journals/ijegr,879
journals/ijeh,1090
journals/ijehmc,94
journals/ijeis,517
journals/ijeoe,50
journals/ijep,50
journals/ijertcs,59
journals/ijes,434
journals/ijesjp,22
journals/ijesma,103
journals/ijet,632
journals/ijfcs,12511
journals/ijfipm,146
journals/ijflis,143
journals/ijfsa,183
journals/ijgbl,98
journals/ijgc,21
journals/ijgcms,375
journals/ijgcrsis,85
journals/ijghpc,64
journals/ijgi,437
journals/ijgs,2376
journals/ijgt,17648
journals/ijguc,112
journals/ijhci,19827
journals/ijhcitp,174
journals/ijhcr,55
journals/ijhis,748
journals/ijhisi,794
journals/ijhpca,31963
journals/ijhpcn,521
journals/ijhpsa,199
journals/ijhr,5072
journals/ijhsc,3084
journals/ijia,495
journals/ijicot,488
journals/ijics,440
journals/ijicst,36
journals/ijict,212
journals/ijicte,299
journals/ijicthd,61
journals/ijictrda,42
journals/ijide,29
journals/ijids,2364
journals/ijidss,117
journals/ijiei,11
journals/ijiem,697
journals/ijig,3776
journals/ijigs,728
journals/ijiids,384
journals/ijiip,25
journals/ijiit,318
journals/ijim,323
journals/ijimai,100
journals/ijimr,34
journals/ijinfoman,13005
journals/ijipm,10
journals/ijipsi,9
journals/ijipt,717
journals/ijiq,165
journals/ijirr,28
journals/ijis,33390
journals/ijisc,8
journals/ijiscm,266
journals/ijiscram,195
journals/ijisec,4918
journals/ijismd,197
journals/ijisp,199
journals/ijissc,57
journals/ijisscm,157
journals/ijisss,141
journals/ijista,975
journals/ijitbag,51
journals/ijitcc,399
journals/ijitdm,6377
journals/ijitm,2361
journals/ijitn,45
journals/ijitpm,51
journals/ijitsa,106
journals/ijitwe,312
journals/ijkbo,27
journals/ijkdb,46
journals/ijkedm,60
journals/ijkesdp,184
journals/ijkl,1566
journals/ijkm,720
journals/ijksr,189
journals/ijkss,43
journals/ijkwi,40
journals/ijlit,1450
journals/ijlt,1341
journals/ijmbl,406
journals/ijmc,5243
journals/ijmcmc,63
journals/ijmdem,29
journals/ijmei,184
journals/ijmhci,219
journals/ijmheur,94
journals/ijmi,34361
journals/ijmir,203
journals/ijmis,48
journals/ijmmme,35
journals/ijmms,115930
journals/ijmmsc,3609
journals/ijmno,536
journals/ijmr,692
journals/ijmso,1285
journals/ijmstr,5
journals/ijmtie,19
journals/ijmtm,3823
journals/ijnc,27
journals/ijncr,145
journals/ijngc,62
journals/ijnm,4922
journals/ijnmc,78
journals/ijns,33189
journals/ijnsec,2535
journals/ijnvo,896
journals/ijoci,32
journals/ijoe,591
journals/ijom,30
journals/ijon,79598
journals/ijopcd,46
journals/ijoris,78
journals/ijossp,121
journals/ijpcc,980
journals/ijpop,14
journals/ijpp,13382
journals/ijprai,29334
journals/ijqaete,14
journals/ijra,823
journals/ijrc,417
journals/ijrfita,324
journals/ijrft,194
journals/ijrr,56532
journals/ijsc,594
journals/ijsccps,20
journals/ijscn,1299
journals/ijsds,77
journals/ijse,156
journals/ijseke,10897
journals/ijsg,3
journals/ijshc,71
journals/ijsi,220
journals/ijsir,118
journals/ijsita,27
journals/ijskd,191
journals/ijsm,2914
journals/ijsn,2322
journals/ijsnet,3492
journals/ijsnm,44
journals/ijsodit,17
journals/ijsr,1960
journals/ijss,609
journals/ijssc,44
journals/ijssci,214
journals/ijsse,93
journals/ijssmet,76
journals/ijssoe,38
journals/ijsss,24
journals/ijstm,2583
journals/ijswis,3147
journals/ijsysc,24473
journals/ijt,71
journals/ijtd,25
journals/ijtem,7
journals/ijthi,421
journals/ijtm,13560
journals/ijuc,626
journals/ijufks,23866
journals/ijuwbcs,107
journals/ijvcsn,94
journals/ijvple,119
journals/ijvr,404
journals/ijwa,24
journals/ijwbc,1534
journals/ijwet,1313
journals/ijwgs,1918
journals/ijwin,4430
journals/ijwis,1286
journals/ijwltt,263
journals/ijwmc,638
journals/ijwmip,2727
journals/ijwnbt,18
journals/ijwoc,242
journals/ijwp,38
journals/ijws,8
journals/iks,28706
journals/ile,5475
journals/im,8273
journals/imamci,1650
journals/imcs,11533
journals/imds,37491
journals/imm,121
journals/impact,2024
journals/imst,32868
journals/inffus,11085
journals/infor,719
journals/informaticaLT,2832
journals/informaticaSI,4838
journals/information,275
journals/informingscij,1914
journals/informs,51739
journals/infsof,29009
journals/inroads,306
journals/ins,692
journals/insk,2505
journals/integration,6860
journals/interactions,25053
journals/interfaces,4506
journals/internet,42904
journals/intr,27143
journals/ior,54189
journals/iotj,57
journals/ipl,107976
journals/ipm,85353
journals/ipol,173
journals/ipsj,52
journals/ir,42026
journals/ires,6588
journals/irmj,2746
journals/irob,3080
journals/is,32461
journals/isa,19
journals/isafm,3835
journals/isb,6841
journals/isca,559
journals/isci,124049
journals/isem,3076
journals/isf,13007
journals/isi,70
journals/isj,16818
journals/isjgp,3968
journals/ism,52160
journals/isr,75607
journals/isrob,780
journals/isse,1058
journals/istr,5887
journals/isu,605
journals/it,1635
journals/ita,8141
journals/itc,220
journals/ited,74
journals/itiis,562
journals/itm,6685
journals/itp,12276
journals/itpro,4329
journals/itse,1091
journals/itsm,249
journals/itssa,283
journals/ivc,70197
journals/ivs,5033
journals/iwc,20295
journals/ixda,54
journals/jacic,3684
journals/jaciii,2889
journals/jacm,368295
journals/jagi,109
journals/jaif,189
journals/jaihc,840
journals/jair,2423
journals/jais,10088
journals/jaise,774
journals/jal,49998
journals/jalc,3247
journals/jam,2838
journals/jamds,1192
journals/jamia,10487
journals/jancl,6341
journals/japll,3291
journals/jar,28771
journals/jasis,281507
journals/jasss,97684
journals/jat,10667
journals/jbcb,9734
journals/jbcs,10285
journals/jbi,28382
journals/jc,18140
journals/jca,510
journals/jcal,17118
journals/jcam,10630
journals/jcamd,26601
journals/jcb,48286
journals/jcc,140430
journals/jcd,289
journals/jce,362
journals/jche,3619
journals/jcheminf,2015
journals/jci,895
journals/jcisd,73816
journals/jcise,2061
journals/jcit,559
journals/jcit-igi,290
journals/jclc,225
journals/jclinbioinf,453
journals/jcm,1874
journals/jcmc,51407
journals/jcmse,260
journals/jcn,3627
journals/jcnc,285
journals/jcns,21218
journals/jco,9961
journals/jcp,2514
journals/jcphy,61020
journals/jcrd,34
journals/jcs,18173
journals/jcsc,8246
journals/jcse,330
journals/jcss,98794
journals/jcst,6719
journals/jct,105859
journals/jda,6871
journals/jdcta,552
journals/jdfp,1002
journals/jdfsl,141
journals/jdi,10788
journals/jdim,737
journals/jdiq,276
journals/jdm,13814
journals/jds,1690
journals/jdwm,1270
journals/jea,3153
journals/jec,693
journals/jece,381
journals/jeco,1379
journals/jecr,1760
journals/jei,16674
journals/jeim,8904
journals/jeric,3534
journals/jet,99914
journals/jetai,12839
journals/jetc,1305
journals/jflp,1103
journals/jfp,17287
journals/jfr,31855
journals/jfrea,240
journals/jgaa,2238
journals/jgim,3660
journals/jgis,147
journals/jgo,23987
journals/jgs,6459
journals/jgt,47309
journals/jgtools,7432
journals/jhsn,23413
journals/jib,798
journals/jicce,145
journals/jices,859
journals/jid,1175
journals/jidm,118
journals/jifs,4981
journals/jiis,20579
journals/jikm,1548
journals/jilp,1365
journals/jilsa,92
journals/jilt,20282
journals/jim,22061
journals/jip,167
journals/jips,943
journals/jirs,16542
journals/jis,8908
journals/jisa,716
journals/jise,4519
journals/jisec,100
journals/jite,2392
journals/jitech,4362
journals/jitr,176
journals/jitsr,438
journals/jitt,2862
journals/jkm,50862
journals/jla,199
journals/jlbs,710
journals/jlm,10
journals/jlms,1112
journals/jlp,53402
journals/jmc,863
journals/jmis,82716
journals/jmiv,20761
journals/jmlr,94215
journals/jmm,211
journals/jmm2,1231
journals/jmma,2251
journals/jmpt,21
journals/jms,11800
journals/jnca,11854
journals/jnit,33
journals/jnma,959
journals/jns,6343
journals/jnsm,7077
journals/jnw,1778
journals/joc,28486
journals/jocch,254
journals/jocec,4281
journals/jocg,56
journals/jocn,89870
journals/jocs,1939
journals/jodi,5645
journals/jodl,7197
journals/jods,4150
journals/jodsn,121
journals/joeuc,1830
journals/joi,8025
journals/join,1604
journals/jois,53
journals/jolli,13193
journals/jolpe,561
journals/joop,5040
journals/jors,9380
journals/jos,501
journals/josis,536
journals/joss,1817
journals/jossac,1489
journals/jossr,95
journals/jot,5597
journals/jota,3774
journals/jowua,96
journals/jpdc,57395
journals/jphil,4066
journals/jpl,2657
journals/jqis,59
journals/jql,2193
journals/jrtip,1741
journals/jsa,92154
journals/jsac,428028
journals/jsan,101
journals/jsat,1275
journals/jsc,45528
journals/jsce,335
journals/jscic,52817
journals/jsea,322
journals/jsi,687
journals/jsip,68
journals/jsis,15148
journals/jsit,834
journals/jss,53738
journals/jssc,4346
journals/jst,13
journals/jstsp,6282
journals/jsw,1584
journals/jsyml,69773
journals/jtaer,952
journals/jthtl,577
journals/jucs,23742
journals/juspn,15
journals/jvca,8089
journals/jvcir,11727
journals/jvis,1557
journals/jvrb,409
journals/jwe,1057
journals/jwscg,379
journals/jwsr,1169
journals/jzusc,527
journals/kais,24743
journals/kbs,29383
journals/ker,47004
journals/kes,605
journals/ki,128380
journals/kognitionswissenschaft,442
journals/kybernetes,4466
journals/lalc,7212
journals/ldvf,461
journals/lgrs,2481
journals/lht,7759
journals/libt,9378
journals/linguamatica,17
journals/lisp,9263
journals/llc,2392
journals/lmcs,1232
journals/lncs,1303
journals/logcom,25924
journals/login,80
journals/loplas,3115
journals/lr,532
journals/lre,17032
journals/lu,532
journals/ma,6082
journals/mags,684
journals/mala,282
journals/mam,4287
journals/mansci,125312
journals/masa,3856
journals/mbec,16831
journals/mca,39
journals/mcfns,101
journals/mcm,22454
journals/mcma,2203
journals/mcs,14608
journals/mcss,19543
journals/mda,18
journals/memetic,1087
journals/mia,45369
journals/micro,27995
journals/micromachines,331
journals/mics,853
journals/midm,8905
journals/mima,8942
journals/mis,773
journals/misq,126924
journals/misqe,4335
journals/mj,10618
journals/mktsci,15994
journals/ml,184440
journals/mlc,2277
journals/mlcs,515
journals/mldm,40
journals/mlq,8000
journals/mmas,3220
journals/mmi,102
journals/mmor,14871
journals/mms,23249
journals/moc,63717
journals/monet,30335
journals/mor,18460
journals/mp,193076
journals/mpc,1513
journals/mr,24059
journals/mscs,15956
journals/msom,7891
journals/mss,10819
journals/mst,31271
journals/mt,8857
journals/mta,17302
journals/mva,21489
journals/mvl,883
journals/na,10951
journals/nar,803995
journals/nc,6601
journals/nca,14690
journals/nct,25
journals/ndjfl,17944
journals/neco,320711
journals/netmahib,115
journals/network,10331
journals/networks,113935
journals/neuroimage,202819
journals/nfd,1
journals/ngc,15673
journals/nhm,2091
journals/ni,6544
journals/nis,174
journals/njc,3660
journals/nla,1405
journals/nle,14161
journals/nms,14648
journals/nn,136228
journals/npl,10457
journals/npsc,1156
journals/nrhm,3251
journals/ns,225
journals/oclc,4205
journals/oir,15083
journals/ol,6148
journals/omics,242
journals/oms,4810
journals/oopsm,3172
journals/oos,220
journals/or,1008
journals/order,3051
journals/orgsci,19294
journals/ori,148
journals/orl,29366
journals/osid,2576
journals/osn,1146
journals/paa,11241
journals/paapp,3485
journals/pai,117
journals/paladyn,210
journals/pami,667087
journals/pap,749
journals/pbml,283
journals/pc,46196
journals/pcs,988
journals/pdln,726
journals/pe,28533
journals/peng,2199
journals/percom,5536
journals/pervasive,28157
journals/phycomm,1867
journals/pieee,18961
journals/pik,6579
journals/ploscb,85175
journals/pmh,3976
journals/pnas,289
journals/pnc,5101
journals/polibits,103
journals/polity,1261
journals/ppl,9304
journals/ppna,810
journals/pr,201239
journals/presence,43558
journals/prl,100320
journals/procedia,3663
journals/psychnology,1107
journals/puc,27695
journals/pvldb,18238
journals/qic,8584
journals/qre,4773
journals/questa,28368
journals/queue,11268
journals/rairo,1741
journals/ram,13883
journals/ras,58693
journals/rasi,11
journals/rc,5151
journals/rcc,122
journals/rda,103
journals/re,23853
journals/ress,38745
journals/ria,324
journals/rig,68
journals/riga,67
journals/rita,262
journals/rml,406
journals/robotersysteme,250
journals/robotica,16910
journals/robotics,25
journals/rptel,1195
journals/rsa,40165
journals/rss,78
journals/rti,8359
journals/rts,20049
journals/sLogica,13852
journals/sac,17046
journals/sadm,753
journals/saem,353
journals/saj,538
journals/scc,3900
journals/scfbm,992
journals/schedae,12
journals/scheduling,9224
journals/scholarpedia,75815
journals/science,2481
journals/scientometrics,122179
journals/scjapan,9410
journals/scl,26654
journals/scn,1647
journals/scp,55242
journals/scpe,52697
journals/scw,23421
journals/se,1668
journals/see,3727
journals/semweb,886
journals/sg,3
journals/siamads,3398
journals/siamam,38982
journals/siamco,64741
journals/siamcomp,269865
journals/siamdm,43907
journals/siamfm,1735
journals/siamis,5889
journals/siamjo,70795
journals/siamma,17645
journals/siammax,29925
journals/siamnum,54659
journals/siamrev,154236
journals/siamsc,41616
journals/sigact,26082
journals/sigapl,298
journals/sigarch,3966
journals/sigart,5575
journals/sigbed,1157
journals/sigcas,23
journals/sigcse,7840
journals/sigecom,3426
journals/sighit,20
journals/sigir,31047
journals/sigkdd,21066
journals/sigmetrics,10914
journals/sigmobile,169585
journals/sigmod,46055
journals/sigops,30243
journals/sigplan,13345
journals/sigpro,50775
journals/sigsoft,141842
journals/sigspatial,149
journals/simpra,9234
journals/simulation,14076
journals/sis,3
journals/siu,232
journals/sivp,1809
journals/sj,2929
journals/sjis,1174
journals/sma,1741
journals/smartcr,3
journals/smr,8401
journals/snam,1127
journals/soca,833
journals/socnet,17912
journals/soco,28145
journals/sofo,1663
journals/software,103570
journals/sopr,5602
journals/sosym,10889
journals/sp,6647
journals/spacecomm,352
journals/spe,77791
journals/speech,44873
journals/spic,25331
journals/spl,14486
journals/spm,1198
journals/sqj,4439
journals/standardview,783
journals/stp,3095
journals/stt,805
journals/sttt,27849
journals/stvr,9605
journals/swarm,1501
journals/swevo,1641
journals/symmetry,478
journals/synthese,18327
journals/taas,2344
journals/taasm,6349
journals/tac,219475
journals/taccess,459
journals/tacl,19
journals/taco,1786
journals/taes,136
journals/taffco,1313
journals/tal,128
journals/talg,2120
journals/talip,2031
journals/tamd,1909
journals/tamm,8554
journals/taosd,951
journals/tap,2920
journals/tapos,5963
journals/tase,6339
journals/taslp,65460
journals/tasm,3278
journals/tbc,12542
journals/tbcas,3844
journals/tbe,88018
journals/tc,264854
journals/tcad,133432
journals/tcas,54120
journals/tcbb,11473
journals/tcc,77
journals/tcci,180
journals/tce,28360
journals/tciaig,1306
journals/tcom,236070
journals/tcos,514
journals/tcs,391021
journals/tcsb,1510
journals/tcst,40096
journals/tcsv,109012
journals/tcyb,2378
journals/tdhms,207
journals/tdp,335
journals/tdsc,10175
journals/te,8844
journals/tec,107844
journals/teco,40
journals/tecs,7759
journals/tedu,275
journals/tele,4500
journals/telsys,12420
journals/tetc,53
journals/tfs,87889
journals/tgis,8696
journals/tgrs,166787
journals/theatlantic,19677
journals/thipeac,351
journals/thms,131
journals/tib,2837
journals/tie,106691
journals/tifs,12027
journals/tii,6689
journals/tiis,239
journals/tim,64244
journals/tinytocs,1
journals/tip,231992
journals/tis,31341
journals/tissec,23751
journals/tist,40570
journals/tit,729338
journals/titb,27396
journals/tits,25810
journals/tjs,15395
journals/tkdd,2796
journals/tkde,124112
journals/tlsdkcs,182
journals/tlt,1704
journals/tmc,38787
journals/tmi,134076
journals/tmis,245
journals/tmm,38203
journals/tnn,312231
journals/tnsm,1390
journals/toc,1011
journals/tochi,30846
journals/tocl,12266
journals/tocs,77443
journals/toct,3642
journals/todaes,9300
journals/tods,113458
journals/tog,136331
journals/toh,1413
journals/tois,71840
journals/toit,11438
journals/tomacs,14323
journals/tomccap,3031
journals/toms,70349
journals/ton,135914
journals/toplas,104270
journals/topnoc,614
journals/tos,1311
journals/tosem,33569
journals/tosn,6292
journals/tpc,276
journals/tpds,84900
journals/tplop,7
journals/tplp,8088
journals/tr,18147
journals/transci,31772
journals/trets,568
journals/trob,227400
journals/trs,2563
journals/tsc,2768
journals/tse,298968
journals/tsg,6210
journals/tsi,122
journals/tslp,831
journals/tsmc,282768
journals/tsp,300724
journals/tssc,5675
journals/tvcg,58997
journals/tvlsi,46874
journals/tvt,51527
journals/twc,84604
journals/tweb,2487
journals/uais,5890
journals/ue,19
journals/umcs,108
journals/umuai,19820
journals/urban,9620
journals/vc,25990
journals/vcomm,36
journals/virology,5845
journals/vjcs,61
journals/vlc,15692
journals/vldb,36101
journals/vlsi,467
journals/vlsisp,17801
journals/vr,4155
journals/wasserwirtschaft,7
journals/wc,103875
journals/wcl,297
journals/wdl,18
journals/webology,579
journals/wet,46
journals/wi,37453
journals/wias,1401
journals/wicomm,8282
journals/widm,46163
journals/winet,43453
journals/wm,65
journals/wpc,29248
journals/ws,22892
journals/wsn,354
journals/www,7421
journals/wwwj,5740
journals/zmp,6753
